product_id,location_id,month,predicted_demand_qty,last_month_demand,last_month_sales,last_month_backorder,avg_demand_3m,same_month_last_year
0148-CLAV22GR,1,2025-12,1830.79,1165.0,1165.0,0.0,960.0,1327.0
0148-CLAV22GR,4,2025-12,226.56,267.0,171.0,96.0,245.67,163.0
0148-CLAV22GR,5,2025-12,0.01,0.08,0.08,0.0,0.21,
0148-CLAV22GR,7,2025-12,0.02,0.08,0.08,0.0,0.08,
0148-CLAV22GR,9,2025-12,60.32,139.0,139.0,0.0,210.33,408.0
0148-CLAV22GR,63,2025-12,0.21,0.57,0.57,0.0,0.91,0.16
0148-CLAV22GR,64,2025-12,0.07,0.5,0.5,0.0,0.3,
0148-CLAV22GR,65,2025-12,0.05,0.24,0.24,0.0,0.63,
0148-ORE35G12U,1,2025-12,440.61,780.0,780.0,0.0,1008.0,328.0
0148-ORE35G12U,4,2025-12,168.8,195.0,195.0,0.0,191.0,218.0
0148-ORE35G12U,5,2025-12,0.02,0.82,0.82,0.0,1.38,
0148-ORE35G12U,6,2025-12,0.01,0.16,0.16,0.0,0.32,
0148-ORE35G12U,7,2025-12,0.01,0.5,0.5,0.0,0.69,
0148-ORE35G12U,9,2025-12,71.17,147.0,147.0,0.0,222.67,33.0
0148-ORE35G12U,63,2025-12,0.01,0.08,0.08,0.0,1.01,1.5
0148-ORE35G12U,64,2025-12,0.19,0.25,0.25,0.0,0.3,0.08
0148-ORE35G12U,65,2025-12,0.08,0.24,0.24,0.0,0.35,0.5
0149-CONSPO15GR,1,2025-12,339.41,571.0,571.0,0.0,732.33,329.0
0149-CONSPO15GR,4,2025-12,86.58,170.0,170.0,0.0,242.33,289.0
0149-CONSPO15GR,5,2025-12,0.19,2.91,2.91,0.0,7.76,
0149-CONSPO15GR,6,2025-12,0.16,2.67,2.67,0.0,4.52,
0149-CONSPO15GR,7,2025-12,0.06,1.5,1.5,0.0,1.72,
0149-CONSPO15GR,9,2025-12,100.02,189.0,189.0,0.0,275.33,135.0
0149-CONSPO15GR,63,2025-12,0.28,1.41,1.41,0.0,3.9,3.49
0149-CONSPO15GR,64,2025-12,0.47,1.67,1.67,0.0,4.16,1.92
0149-CONSPO15GR,65,2025-12,0.22,1.16,1.16,0.0,3.36,0.83
0149-CU14G30,1,2025-12,715.86,1284.0,1284.0,0.0,1704.0,860.0
0149-CU14G30,4,2025-12,55.76,166.0,166.0,0.0,329.67,91.0
0149-CU14G30,5,2025-12,0.08,2.99,2.99,0.0,2.17,
0149-CU14G30,6,2025-12,0.01,0.16,0.16,0.0,0.38,
0149-CU14G30,7,2025-12,0.02,0.66,0.66,0.0,1.47,
0149-CU14G30,9,2025-12,45.39,104.0,104.0,0.0,164.0,61.0
0149-CU14G30,63,2025-12,0.08,0.41,0.41,0.0,2.06,0.91
0149-CU14G30,64,2025-12,0.02,0.17,0.17,0.0,1.0,1.75
0149-CU14G30,65,2025-12,0.34,0.75,0.75,0.0,0.92,
0149-SAZCOMDISP,1,2025-12,0.18,3.0,1.0,2.0,7.0,3.0
0149-SAZCOMDISP,4,2025-12,0.16,2.0,2.0,0.0,4.0,
0149-SAZCOMDISP,9,2025-12,0.22,2.0,2.0,0.0,12.0,
0150-AJO75G,1,2025-12,608.83,1147.0,1147.0,0.0,1596.69,794.0
0150-AJO75G,4,2025-12,202.82,255.0,255.0,0.0,253.67,79.0
0150-AJO75G,5,2025-12,0.08,2.64,2.64,0.0,4.82,
0150-AJO75G,6,2025-12,0.01,0.32,0.32,0.0,1.34,
0150-AJO75G,7,2025-12,0.01,0.08,0.08,0.0,0.6,
0150-AJO75G,9,2025-12,58.94,154.0,154.0,0.0,275.67,57.0
0150-AJO75G,63,2025-12,2.23,5.15,5.15,0.0,8.15,7.33
0150-AJO75G,64,2025-12,1.22,0.99,0.99,0.0,1.04,0.33
0150-AJO75G,65,2025-12,0.61,1.24,1.24,0.0,1.71,
0150-ANIESTRE,1,2025-12,502.1,681.0,681.0,0.0,1073.33,288.0
0150-ANIESTRE,4,2025-12,103.29,171.0,171.0,0.0,239.67,39.0
0150-ANIESTRE,5,2025-12,0.03,0.08,0.08,0.0,1.64,
0150-ANIESTRE,6,2025-12,0.01,0.08,0.08,0.0,0.32,
0150-ANIESTRE,7,2025-12,0.02,0.75,0.75,0.0,0.77,
0150-ANIESTRE,9,2025-12,51.64,117.0,117.0,0.0,175.0,49.0
0150-ANIESTRE,10,2025-12,0.07,0.42,0.42,0.0,3.81,
0150-ANIESTRE,24,2025-12,0.03,0.58,0.58,0.0,2.72,
0150-ANIESTRE,63,2025-12,0.05,0.41,0.41,0.0,3.08,0.66
0150-ANIESTRE,64,2025-12,0.04,0.33,0.33,0.0,2.13,0.25
0150-ANIESTRE,65,2025-12,6.37,2.34,2.34,0.0,1.19,0.67
0150-BICAR50GR,1,2025-12,62.07,223.0,223.0,0.0,467.36,176.0
0150-BICAR50GR,4,2025-12,44.08,92.0,92.0,0.0,139.67,37.0
0150-BICAR50GR,5,2025-12,0.02,0.49,0.49,0.0,0.51,
0150-BICAR50GR,6,2025-12,0.02,0.16,0.16,0.0,0.16,
0150-BICAR50GR,7,2025-12,0.02,0.08,0.08,0.0,0.16,
0150-BICAR50GR,9,2025-12,46.27,115.0,115.0,0.0,201.33,83.0
0150-BICAR50GR,63,2025-12,0.11,0.58,0.58,0.0,2.82,
0150-BICAR50GR,64,2025-12,4.11,1.66,1.66,0.0,0.88,
0150-BICAR50GR,65,2025-12,0.06,0.89,0.89,0.0,0.48,
0150-CALPOACH75,1,2025-12,1158.06,1953.02,1671.0,282.02,2429.03,2529.0
0150-CALPOACH75,4,2025-12,244.05,410.0,410.0,0.0,539.33,431.0
0150-CALPOACH75,5,2025-12,0.11,0.9,0.9,0.0,2.69,
0150-CALPOACH75,6,2025-12,0.01,0.32,0.32,0.0,0.4,
0150-CALPOACH75,7,2025-12,0.02,0.49,0.49,0.0,0.71,
0150-CALPOACH75,9,2025-12,95.77,273.0,273.0,0.0,507.67,579.0
0150-CALPOACH75,10,2025-12,0.02,0.17,0.17,0.0,0.17,
0150-CALPOACH75,63,2025-12,0.09,0.64,0.64,0.0,3.55,0.65
0150-CALPOACH75,64,2025-12,0.07,0.16,0.16,0.0,0.59,0.25
0150-CALPOACH75,65,2025-12,0.52,1.23,1.23,0.0,1.78,0.24
0150-CANERAJ40G,1,2025-12,400.34,842.0,842.0,0.0,1251.33,2546.06
0150-CANERAJ40G,4,2025-12,74.91,155.0,155.0,0.0,215.33,236.0
0150-CANERAJ40G,5,2025-12,0.01,0.41,0.41,0.0,0.68,
0150-CANERAJ40G,6,2025-12,0.06,0.32,0.32,0.0,0.16,
0150-CANERAJ40G,7,2025-12,0.01,0.08,0.08,0.0,0.16,
0150-CANERAJ40G,9,2025-12,76.08,165.0,165.0,0.0,264.67,84.0
0150-CANERAJ40G,63,2025-12,0.03,0.24,0.24,0.0,1.64,0.24
0150-CANERAJ40G,64,2025-12,0.25,0.32,0.32,0.0,0.35,
0150-CANERAJ40G,65,2025-12,0.17,0.41,0.41,0.0,0.68,
0150-CEBADA50GR,1,2025-12,18.21,49.0,49.0,0.0,102.0,480.0
0150-CEBADA50GR,4,2025-12,8.76,27.0,27.0,0.0,49.0,250.0
0150-CEBADA50GR,6,2025-12,0.05,0.75,0.75,0.0,0.36,
0150-CEBADA50GR,9,2025-12,7.19,23.0,23.0,0.0,75.33,40.0
0150-CEBADA50GR,63,2025-12,0.01,0.4,0.4,0.0,0.85,1.17
0150-CEBADA50GR,64,2025-12,6.64,2.33,2.33,0.0,1.19,
0150-CEBADA50GR,65,2025-12,0.02,0.17,0.17,0.0,1.05,
0150-CEBOLLA30G,1,2025-12,1325.63,1748.0,421.0,1327.0,1970.14,928.0
0150-CEBOLLA30G,4,2025-12,177.09,204.0,204.0,0.0,269.33,166.0
0150-CEBOLLA30G,5,2025-12,0.29,3.82,3.82,0.0,10.18,
0150-CEBOLLA30G,6,2025-12,0.18,2.89,2.89,0.0,3.54,
0150-CEBOLLA30G,7,2025-12,0.19,3.91,3.91,0.0,4.94,
0150-CEBOLLA30G,9,2025-12,81.02,156.0,95.0,61.0,223.0,70.0
0150-CEBOLLA30G,63,2025-12,0.55,3.3,3.3,0.0,13.35,1.79
0150-CEBOLLA30G,64,2025-12,2.09,4.42,4.42,0.0,5.96,2.08
0150-CEBOLLA30G,65,2025-12,0.22,1.66,1.66,0.0,6.12,0.25
0150-CHIA25G,1,2025-12,277.71,549.0,549.0,0.0,780.33,1212.0
0150-CHIA25G,4,2025-12,18.5,63.0,63.0,0.0,129.0,15.0
0150-CHIA25G,5,2025-12,0.06,1.66,1.66,0.0,1.9,
0150-CHIA25G,6,2025-12,0.18,0.92,0.92,0.0,0.44,
0150-CHIA25G,7,2025-12,0.06,1.25,1.25,0.0,0.83,
0150-CHIA25G,9,2025-12,22.3,72.0,72.0,0.0,161.67,43.0
0150-CHIA25G,63,2025-12,0.01,0.16,0.16,0.0,1.57,0.58
0150-CHIA25G,64,2025-12,2.15,0.83,0.83,0.0,0.49,
0150-CHIA25G,65,2025-12,0.02,0.08,0.08,0.0,0.27,
0150-CONSMAR25G,1,2025-12,290.87,504.0,496.0,8.0,650.67,365.0
0150-CONSMAR25G,4,2025-12,23.68,67.0,67.0,0.0,140.67,40.0
0150-CONSMAR25G,5,2025-12,0.11,1.31,1.31,0.0,3.52,
0150-CONSMAR25G,6,2025-12,0.11,1.5,1.5,0.0,3.19,
0150-CONSMAR25G,7,2025-12,0.08,0.32,0.32,0.0,1.02,
0150-CONSMAR25G,9,2025-12,33.23,101.0,101.0,0.0,202.0,71.0
0150-CONSMAR25G,63,2025-12,0.29,1.57,1.57,0.0,4.67,11.99
0150-CONSMAR25G,64,2025-12,0.44,1.33,1.33,0.0,2.72,0.75
0150-CONSMAR25G,65,2025-12,1.13,1.33,1.33,0.0,1.44,0.58
0150-CURCUMA30G,1,2025-12,678.86,1061.0,1061.0,0.0,1363.78,1105.0
0150-CURCUMA30G,4,2025-12,80.59,147.0,147.0,0.0,187.0,84.0
0150-CURCUMA30G,5,2025-12,0.17,2.89,2.89,0.0,8.83,
0150-CURCUMA30G,6,2025-12,0.03,0.24,0.24,0.0,1.52,
0150-CURCUMA30G,7,2025-12,0.06,1.0,1.0,0.0,1.98,
0150-CURCUMA30G,9,2025-12,47.42,115.0,115.0,0.0,193.67,42.0
0150-CURCUMA30G,63,2025-12,0.12,1.36,1.36,0.0,9.93,0.65
0150-CURCUMA30G,64,2025-12,0.04,0.33,0.33,0.0,1.37,0.08
0150-CURCUMA30G,65,2025-12,1.01,1.73,1.73,0.0,2.02,
0150-FINAHIERBA,1,2025-12,282.7,637.0,637.0,0.0,925.67,2658.0
0150-FINAHIERBA,4,2025-12,72.04,99.0,99.0,0.0,124.67,136.0
0150-FINAHIERBA,5,2025-12,0.06,1.73,1.73,0.0,2.86,
0150-FINAHIERBA,6,2025-12,0.03,0.33,0.33,0.0,0.58,
0150-FINAHIERBA,7,2025-12,0.04,0.4,0.4,0.0,0.22,
0150-FINAHIERBA,9,2025-12,29.85,70.0,70.0,0.0,119.0,38.0
0150-FINAHIERBA,63,2025-12,0.24,0.66,0.66,0.0,1.37,0.08
0150-FINAHIERBA,64,2025-12,0.49,0.92,0.92,0.0,0.92,
0150-FINAHIERBA,65,2025-12,0.13,0.41,0.41,0.0,1.08,
0150-LAU15G,1,2025-12,366.55,708.0,500.0,208.0,1778.0,789.0
0150-LAU15G,4,2025-12,80.03,146.0,146.0,0.0,357.34,221.0
0150-LAU15G,5,2025-12,0.04,0.66,0.66,0.0,1.24,
0150-LAU15G,6,2025-12,0.02,0.16,0.16,0.0,1.36,
0150-LAU15G,7,2025-12,0.01,0.08,0.08,0.0,0.71,
0150-LAU15G,9,2025-12,25.3,76.0,76.0,0.0,336.33,216.0
0150-LAU15G,63,2025-12,0.02,0.08,0.08,0.0,0.38,
0150-LAU15G,65,2025-12,0.19,0.25,0.25,0.0,0.3,0.33
0150-PAPRI75G,1,2025-12,294.26,585.0,585.0,0.0,1391.33,733.0
0150-PAPRI75G,4,2025-12,226.12,155.0,155.0,0.0,125.67,112.0
0150-PAPRI75G,5,2025-12,0.05,1.41,1.41,0.0,1.37,
0150-PAPRI75G,6,2025-12,0.02,1.33,1.33,0.0,0.83,
0150-PAPRI75G,7,2025-12,0.01,0.33,0.33,0.0,1.02,
0150-PAPRI75G,9,2025-12,24.97,56.0,56.0,0.0,94.33,60.0
0150-PAPRI75G,63,2025-12,0.11,1.08,1.08,0.0,7.29,1.39
0150-PAPRI75G,64,2025-12,0.06,0.24,0.24,0.0,0.63,0.33
0150-PAPRI75G,65,2025-12,0.07,0.33,0.33,0.0,1.34,0.92
0150-PIMINMIX15,1,2025-12,166.87,238.0,238.0,0.0,268.67,405.0
0150-PIMINMIX15,4,2025-12,15.42,35.0,35.0,0.0,54.67,38.0
0150-PIMINMIX15,5,2025-12,0.03,1.0,1.0,0.0,0.89,
0150-PIMINMIX15,6,2025-12,0.02,1.25,1.25,0.0,1.05,
0150-PIMINMIX15,7,2025-12,0.01,0.08,0.08,0.0,0.96,
0150-PIMINMIX15,9,2025-12,24.15,51.0,51.0,0.0,79.72,24.0
0150-PIMINMIX15,63,2025-12,0.28,0.66,0.66,0.0,0.96,
0150-PIMINMIX15,64,2025-12,0.29,0.42,0.42,0.0,0.36,
0150-PIMINMIX15,65,2025-12,0.49,0.99,0.99,0.0,1.02,
0150-PIMOL75G,1,2025-12,474.3,934.0,934.0,0.0,1278.69,544.0
0150-PIMOL75G,4,2025-12,288.24,295.0,295.0,0.0,282.33,122.0
0150-PIMOL75G,5,2025-12,0.04,1.07,1.07,0.0,2.03,
0150-PIMOL75G,6,2025-12,0.02,0.16,0.16,0.0,0.35,
0150-PIMOL75G,7,2025-12,0.02,0.16,0.16,0.0,0.16,
0150-PIMOL75G,9,2025-12,46.2,113.0,113.0,0.0,191.0,43.0
0150-PIMOL75G,63,2025-12,0.15,0.73,0.73,0.0,3.3,0.33
0150-PIMOL75G,64,2025-12,0.12,0.49,0.49,0.0,0.93,
0150-PIMOL75G,65,2025-12,0.04,0.24,0.24,0.0,0.95,
0150-SACHIO75G,1,2025-12,300.82,636.0,636.0,0.0,967.67,784.0
0150-SACHIO75G,4,2025-12,140.56,191.0,191.0,0.0,208.67,65.0
0150-SACHIO75G,5,2025-12,0.09,2.24,2.24,0.0,2.7,
0150-SACHIO75G,6,2025-12,0.01,0.16,0.16,0.0,0.27,
0150-SACHIO75G,7,2025-12,0.01,0.57,0.57,0.0,1.17,
0150-SACHIO75G,9,2025-12,76.47,170.0,170.0,0.0,281.0,89.0
0150-SACHIO75G,63,2025-12,0.04,0.25,0.25,0.0,2.86,0.08
0150-SACHIO75G,64,2025-12,5.11,1.82,1.82,0.0,0.99,0.08
0150-SACHIO75G,65,2025-12,1.73,1.58,1.58,0.0,1.37,0.67
0150-SACOM70G,1,2025-12,1058.73,1858.0,1858.0,0.0,2425.33,1034.0
0150-SACOM70G,4,2025-12,382.39,494.0,494.0,0.0,514.0,194.0
0150-SACOM70G,5,2025-12,0.07,2.65,2.65,0.0,2.3,
0150-SACOM70G,6,2025-12,0.01,0.08,0.08,0.0,0.24,
0150-SACOM70G,7,2025-12,0.02,0.83,0.83,0.0,0.65,
0150-SACOM70G,9,2025-12,150.36,333.0,333.0,0.0,539.67,139.0
0150-SACOM70G,63,2025-12,0.36,1.15,1.15,0.0,2.85,0.17
0150-SACOM70G,64,2025-12,0.04,0.16,0.16,0.0,0.4,
0150-SACOM70G,65,2025-12,5.46,6.3,6.3,0.0,8.6,0.08
0150-SALAJOPE30,1,2025-12,438.66,787.0,787.0,0.0,1465.03,1458.0
0150-SALAJOPE30,4,2025-12,77.57,160.0,160.0,0.0,282.33,129.0
0150-SALAJOPE30,5,2025-12,0.34,7.39,7.39,0.0,15.14,
0150-SALAJOPE30,6,2025-12,0.06,0.74,0.74,0.0,5.16,
0150-SALAJOPE30,7,2025-12,0.13,2.01,2.01,0.0,3.57,
0150-SALAJOPE30,9,2025-12,44.19,109.0,109.0,0.0,224.0,138.0
0150-SALAJOPE30,63,2025-12,0.41,3.4,3.4,0.0,17.95,6.05
0150-SALAJOPE30,64,2025-12,0.95,2.23,2.23,0.0,4.95,1.65
0150-SALAJOPE30,65,2025-12,1.0,2.49,2.49,0.0,4.17,3.09
0150-SAZ30GR,1,2025-12,122.87,199.0,199.0,0.0,252.33,145.0
0150-SAZ30GR,4,2025-12,33.88,53.5,53.5,0.0,76.83,10.0
0150-SAZ30GR,5,2025-12,0.03,0.32,0.32,0.0,3.32,
0150-SAZ30GR,6,2025-12,0.04,0.83,0.83,0.0,1.97,
0150-SAZ30GR,7,2025-12,0.02,0.42,0.42,0.0,0.44,
0150-SAZ30GR,9,2025-12,10.11,26.0,26.0,0.0,51.67,14.0
0150-SAZ30GR,63,2025-12,2.13,2.23,2.23,0.0,3.14,0.49
0150-SAZ30GR,64,2025-12,0.79,3.33,3.33,0.0,6.58,6.42
0150-SAZ30GR,65,2025-12,2.63,3.99,3.99,0.0,3.97,
0150-SAZCOCUDOC,1,2025-12,424.89,711.0,711.0,0.0,920.0,477.0
0150-SAZCOCUDOC,4,2025-12,197.06,222.0,222.0,0.0,241.33,89.0
0150-SAZCOCUDOC,5,2025-12,0.01,0.08,0.08,0.0,0.6,
0150-SAZCOCUDOC,6,2025-12,0.01,0.17,0.17,0.0,1.1,
0150-SAZCOCUDOC,7,2025-12,0.01,0.08,0.08,0.0,0.25,
0150-SAZCOCUDOC,9,2025-12,39.01,100.0,100.0,0.0,176.67,65.0
0150-SAZCOCUDOC,63,2025-12,0.5,1.42,1.42,0.0,2.07,1.08
0150-SAZCOCUDOC,64,2025-12,0.02,1.08,1.08,0.0,0.69,
0150-SAZCOCUDOC,65,2025-12,0.65,0.4,0.4,0.0,0.63,
0150-SAZMANT30G,1,2025-12,431.32,790.0,790.0,0.0,2933.33,876.0
0150-SAZMANT30G,4,2025-12,43.49,134.0,134.0,0.0,563.68,121.0
0150-SAZMANT30G,9,2025-12,32.65,88.0,88.0,0.0,342.0,40.0
0150-SAZMANT30G,63,2025-12,1.52,2.5,2.5,0.0,2.41,
0150-SAZMANT30G,64,2025-12,0.45,0.82,0.82,0.0,1.47,
0150-SAZMANT30G,65,2025-12,3.15,1.24,1.24,0.0,0.83,
0150-SCACHCU30G,1,2025-12,261.74,450.0,450.0,0.0,576.33,2969.0
0150-SCACHCU30G,4,2025-12,32.22,76.0,76.0,0.0,144.0,587.0
0150-SCACHCU30G,5,2025-12,0.01,0.65,0.65,0.0,0.82,
0150-SCACHCU30G,6,2025-12,0.02,0.16,0.16,0.0,0.11,
0150-SCACHCU30G,7,2025-12,0.01,0.17,0.17,0.0,0.39,
0150-SCACHCU30G,9,2025-12,23.19,66.0,66.0,0.0,127.67,414.01
0150-SCACHCU30G,63,2025-12,0.02,0.17,0.17,0.0,0.82,
0150-SCACHCU30G,64,2025-12,0.02,0.25,0.25,0.0,0.25,
0150-SCACHCU30G,65,2025-12,0.39,0.25,0.25,0.0,0.16,
0151-12UPIMOLIN,1,2025-12,20.49,48.0,48.0,0.0,114.0,24.0
0151-12UPIMOLIN,4,2025-12,7.58,10.0,7.0,3.0,20.0,4.0
0151-12UPIMOLIN,5,2025-12,0.01,0.08,0.08,0.0,0.24,
0151-12UPIMOLIN,6,2025-12,0.03,0.17,0.17,0.0,0.33,
0151-12UPIMOLIN,7,2025-12,0.02,0.75,0.75,0.0,0.61,
0151-12UPIMOLIN,9,2025-12,7.66,12.0,4.0,8.0,20.33,4.0
0151-12UPIMOLIN,12,2025-12,103.34,100.0,100.0,0.0,38.33,
0151-12UPIMOLIN,63,2025-12,0.05,0.25,0.25,0.0,0.19,
0151-12UPIMOLIN,65,2025-12,0.04,0.16,0.16,0.0,0.38,0.08
0151-AJOMOFCOGD,1,2025-12,81.02,123.16,123.16,0.0,137.1,757.62
0151-AJOMOFCOGD,4,2025-12,34.86,58.03,58.03,0.0,68.81,258.72
0151-AJOMOFCOGD,5,2025-12,0.01,0.17,0.17,0.0,0.62,
0151-AJOMOFCOGD,6,2025-12,0.04,0.51,0.51,0.0,0.28,
0151-AJOMOFCOGD,7,2025-12,0.02,0.17,0.17,0.0,0.44,
0151-AJOMOFCOGD,9,2025-12,9.71,21.67,21.67,0.0,35.23,176.35
0151-AJOMOFCOGD,12,2025-12,9.36,50.0,50.0,0.0,36.67,
0151-AJOMOFCOGD,64,2025-12,0.22,0.33,0.33,0.0,0.44,
0151-AJOMOFCOGD,65,2025-12,0.88,0.67,0.67,0.0,0.67,
0151-CACULFCDE,1,2025-12,164.3,233.82,196.65,37.17,330.04,107.15
0151-CACULFCDE,4,2025-12,29.94,55.02,55.02,0.0,70.0,5.67
0151-CACULFCDE,5,2025-12,0.02,0.33,0.33,0.0,0.5,
0151-CACULFCDE,6,2025-12,0.08,1.0,1.0,0.0,0.45,
0151-CACULFCDE,7,2025-12,0.02,0.66,0.66,0.0,0.44,
0151-CACULFCDE,9,2025-12,5.48,18.83,18.83,0.0,43.11,8.34
0151-CACULFCDE,63,2025-12,1.5,1.0,1.0,0.0,0.62,
0151-CACULFCDE,64,2025-12,0.08,1.17,1.17,0.0,0.67,
0151-CACULFCDE,65,2025-12,3.22,1.67,1.67,0.0,0.95,
0151-CALDFCOGDE,1,2025-12,187.29,302.09,263.99,38.1,389.31,199.11
0151-CALDFCOGDE,4,2025-12,80.94,104.18,104.18,0.0,101.85,49.4
0151-CALDFCOGDE,5,2025-12,0.01,0.17,0.17,0.0,0.45,
0151-CALDFCOGDE,6,2025-12,0.02,0.17,0.17,0.0,0.22,
0151-CALDFCOGDE,7,2025-12,0.06,0.67,0.67,0.0,0.73,
0151-CALDFCOGDE,9,2025-12,47.87,75.08,47.83,27.25,85.98,22.9
0151-CALDFCOGDE,63,2025-12,0.02,0.17,0.17,0.0,0.73,
0151-CALDFCOGDE,65,2025-12,2.7,1.17,1.17,0.0,0.73,
0151-CAMARON32,1,2025-12,0.43,1.0,0.0,1.0,45.03,
0151-CAMARON32,4,2025-12,0.23,1.0,0.0,1.0,7.67,
0151-CAMARON32,5,2025-12,0.02,1.33,1.33,0.0,1.28,
0151-CAMARON32,7,2025-12,0.02,0.33,0.33,0.0,1.28,
0151-CAMARON32,9,2025-12,0.14,2.0,0.0,2.0,12.0,
0151-CANRAFCOGD,1,2025-12,42.36,89.34,70.34,19.0,157.66,60.67
0151-CANRAFCOGD,4,2025-12,2.83,11.33,11.33,0.0,24.8,5.04
0151-CANRAFCOGD,5,2025-12,0.02,0.17,0.17,0.0,0.39,
0151-CANRAFCOGD,6,2025-12,0.02,0.17,0.17,0.0,0.22,
0151-CANRAFCOGD,7,2025-12,0.02,0.5,0.5,0.0,0.56,
0151-CANRAFCOGD,9,2025-12,18.22,14.71,8.67,6.04,11.9,2.0
0151-CANRAFCOGD,63,2025-12,0.1,1.34,1.34,0.0,0.62,
0151-CEBFCO,1,2025-12,76.2,102.0,74.0,28.0,106.0,59.0
0151-CEBFCO,4,2025-12,4.98,8.0,8.0,0.0,10.0,18.0
0151-CEBFCO,5,2025-12,0.02,0.24,0.24,0.0,0.24,
0151-CEBFCO,6,2025-12,0.01,0.08,0.08,0.0,0.64,
0151-CEBFCO,7,2025-12,0.01,0.08,0.08,0.0,0.75,
0151-CEBFCO,9,2025-12,1.68,5.0,5.0,0.0,8.67,1.0
0151-CEBFCO,63,2025-12,0.1,2.49,2.49,0.0,1.07,
0151-COMPFCO150,1,2025-12,139.96,303.0,251.0,52.0,384.33,97.0
0151-COMPFCO150,4,2025-12,134.6,117.0,49.0,68.0,81.0,31.0
0151-COMPFCO150,5,2025-12,0.01,0.33,0.33,0.0,0.36,
0151-COMPFCO150,6,2025-12,0.11,0.66,0.66,0.0,0.55,
0151-COMPFCO150,7,2025-12,0.01,0.17,0.17,0.0,0.28,
0151-COMPFCO150,9,2025-12,106.11,95.0,12.0,83.0,75.0,6.0
0151-COMPFCO150,65,2025-12,0.03,0.17,0.17,0.0,0.14,
0151-CURCUMAFCO,1,2025-12,76.94,91.0,91.0,0.0,124.67,27.0
0151-CURCUMAFCO,4,2025-12,2.29,8.0,8.0,0.0,15.67,2.0
0151-CURCUMAFCO,5,2025-12,0.05,0.49,0.49,0.0,0.32,
0151-CURCUMAFCO,6,2025-12,0.02,0.16,0.16,0.0,0.16,
0151-CURCUMAFCO,7,2025-12,0.02,0.16,0.16,0.0,0.11,
0151-CURCUMAFCO,9,2025-12,3.27,7.0,7.0,0.0,12.67,3.0
0151-CURCUMAFCO,63,2025-12,0.2,0.33,0.33,0.0,0.41,0.08
0151-CURCUMAFCO,65,2025-12,0.01,0.08,0.08,0.0,0.22,
0151-FCOFINAH50,1,2025-12,45.51,53.0,53.0,0.0,49.67,44.0
0151-FCOFINAH50,4,2025-12,0.24,2.0,2.0,0.0,11.67,
0151-FCOFINAH50,5,2025-12,0.07,0.92,0.92,0.0,0.53,
0151-FCOFINAH50,6,2025-12,0.02,0.08,0.08,0.0,0.16,
0151-FCOFINAH50,7,2025-12,0.02,0.5,0.5,0.0,0.44,
0151-FCOFINAH50,9,2025-12,9.03,9.0,5.0,4.0,8.67,8.0
0151-FCOFINAH50,63,2025-12,0.06,0.33,0.33,0.0,0.16,
0151-OREFCOGRAN,1,2025-12,45.62,74.34,74.34,0.0,103.23,58.17
0151-OREFCOGRAN,4,2025-12,24.41,29.5,29.5,0.0,29.79,4.33
0151-OREFCOGRAN,5,2025-12,0.01,0.5,0.5,0.0,0.83,
0151-OREFCOGRAN,6,2025-12,0.01,0.17,0.17,0.0,0.28,
0151-OREFCOGRAN,7,2025-12,0.04,0.5,0.5,0.0,0.28,
0151-OREFCOGRAN,9,2025-12,1.35,5.84,5.84,0.0,18.06,4.17
0151-OREFCOGRAN,65,2025-12,0.14,0.33,0.33,0.0,0.78,
0151-PARMOL12U,1,2025-12,0.64,5.0,1.0,4.0,6.0,
0151-PARMOL12U,4,2025-12,0.36,3.0,0.0,3.0,1.67,
0151-PARMOL12U,5,2025-12,0.03,0.16,0.16,0.0,1.86,
0151-PARMOL12U,6,2025-12,0.08,0.58,0.58,0.0,0.3,
0151-PARMOL12U,7,2025-12,0.01,0.08,0.08,0.0,0.97,
0151-PARMOL12U,9,2025-12,0.21,2.0,0.0,2.0,1.67,
0151-PARMOL12U,63,2025-12,0.02,0.16,0.16,0.0,0.22,
0151-PARRIFCOGR,1,2025-12,6.15,24.0,0.0,24.0,9.0,8.83
0151-PARRIFCOGR,4,2025-12,3.08,38.22,0.17,38.05,17.31,0.17
0151-PARRIFCOGR,5,2025-12,0.01,0.17,0.17,0.0,0.78,
0151-PARRIFCOGR,6,2025-12,0.04,0.5,0.5,0.0,0.56,
0151-PARRIFCOGR,7,2025-12,0.01,0.33,0.33,0.0,0.83,
0151-PARRIFCOGR,9,2025-12,0.12,0.52,0.5,0.02,0.84,1.17
0151-PARRIFCOGR,24,2025-12,0.06,0.67,0.67,0.0,0.5,0.67
0151-PARRIFCOGR,63,2025-12,0.25,0.67,0.67,0.0,1.45,2.17
0151-PARRIFCOGR,65,2025-12,3.1,1.0,1.0,0.0,0.5,
0151-PIMIXFCO40,1,2025-12,35.99,36.0,36.0,0.0,32.33,19.0
0151-PIMIXFCO40,4,2025-12,1.39,4.0,4.0,0.0,34.33,1.0
0151-PIMIXFCO40,5,2025-12,0.02,0.08,0.08,0.0,0.3,
0151-PIMIXFCO40,6,2025-12,0.02,0.42,0.42,0.0,0.33,
0151-PIMIXFCO40,7,2025-12,0.02,0.08,0.08,0.0,0.22,
0151-PIMIXFCO40,9,2025-12,3.73,5.0,3.0,2.0,8.0,5.0
0151-PIMIXFCO40,12,2025-12,0.22,5.0,5.0,0.0,9.0,
0151-PIMIXFCO40,63,2025-12,0.24,1.08,1.08,0.0,0.41,
0151-SAAJOFCOGD,1,2025-12,46.45,37.0,37.0,0.0,34.06,11.67
0151-SAAJOFCOGD,4,2025-12,1.74,10.01,10.01,0.0,32.32,19.33
0151-SAAJOFCOGD,5,2025-12,1.19,1.99,1.99,0.0,1.44,
0151-SAAJOFCOGD,6,2025-12,0.02,1.0,1.0,0.0,0.83,
0151-SAAJOFCOGD,7,2025-12,0.01,0.34,0.34,0.0,1.01,
0151-SAAJOFCOGD,9,2025-12,0.25,1.0,1.0,0.0,2.67,1.17
0151-SAAJOFCOGD,63,2025-12,1.44,0.5,0.5,0.0,1.5,
0151-SAAJOFCOGD,65,2025-12,0.08,1.16,1.16,0.0,0.56,
0151-SACOCUR770,1,2025-12,54.55,112.04,54.0,58.04,133.44,43.0
0151-SACOCUR770,4,2025-12,57.29,112.29,27.17,85.12,122.39,21.84
0151-SACOCUR770,5,2025-12,0.02,0.17,0.17,0.0,0.17,
0151-SACOCUR770,6,2025-12,0.02,0.33,0.33,0.0,0.28,
0151-SACOCUR770,7,2025-12,0.01,0.17,0.17,0.0,0.23,
0151-SACOCUR770,9,2025-12,34.22,36.24,8.18,28.06,27.75,6.18
0151-SACOCUR770,64,2025-12,0.22,0.33,0.33,0.0,0.33,
0151-SACOCUR770,65,2025-12,0.01,0.17,0.17,0.0,0.28,
0151-SACOMCU180,1,2025-12,60.12,101.0,49.0,52.0,111.0,18.0
0151-SACOMCU180,4,2025-12,97.8,64.0,23.0,41.0,42.0,1.0
0151-SACOMCU180,5,2025-12,0.05,0.25,0.25,0.0,0.14,
0151-SACOMCU180,6,2025-12,0.01,0.08,0.08,0.0,0.36,
0151-SACOMCU180,9,2025-12,6.91,11.0,11.0,0.0,13.67,6.0
0151-SACOMCUR80,1,2025-12,67.32,177.0,92.0,85.0,327.0,53.0
0151-SACOMCUR80,4,2025-12,9.89,30.0,19.0,11.0,48.33,
0151-SACOMCUR80,5,2025-12,0.02,0.5,0.5,0.0,0.55,
0151-SACOMCUR80,6,2025-12,0.07,0.42,0.42,0.0,0.42,
0151-SACOMCUR80,7,2025-12,0.01,0.08,0.08,0.0,0.22,
0151-SACOMCUR80,9,2025-12,10.37,30.0,16.0,14.0,44.67,6.0
0151-SACOMCUR80,63,2025-12,2.39,1.16,1.16,0.0,0.96,
0151-SACOMCUR80,64,2025-12,0.02,0.24,0.24,0.0,0.19,
0151-SACOMCUR80,65,2025-12,0.02,0.33,0.33,0.0,0.55,
0151-SALAJPE250,1,2025-12,57.69,79.0,57.0,22.0,83.0,63.0
0151-SALAJPE250,4,2025-12,4.57,11.0,11.0,0.0,18.0,11.17
0151-SALAJPE250,5,2025-12,0.01,0.08,0.08,0.0,0.19,
0151-SALAJPE250,6,2025-12,0.05,0.25,0.25,0.0,0.17,
0151-SALAJPE250,7,2025-12,0.04,1.91,1.91,0.0,0.97,
0151-SALAJPE250,9,2025-12,5.71,8.0,6.0,2.0,10.33,1.0
0151-SALMAR100G,1,2025-12,3.22,10.0,10.0,0.0,20.67,12.0
0151-SALMAR100G,4,2025-12,0.33,1.0,1.0,0.0,7.0,2.0
0151-SALMAR100G,5,2025-12,0.02,0.25,0.25,0.0,0.67,
0151-SALMAR100G,6,2025-12,0.27,1.25,1.25,0.0,0.69,
0151-SALMAR100G,7,2025-12,0.05,0.25,0.25,0.0,0.19,
0151-SALMAR100G,9,2025-12,13.42,9.0,6.0,3.0,6.33,3.0
0151-SALMAR100G,63,2025-12,0.01,0.08,0.08,0.0,0.69,
0151-SALROHI100,1,2025-12,2.39,12.0,12.0,0.0,38.33,3.0
0151-SALROHI100,4,2025-12,0.41,2.0,2.0,0.0,5.33,1.0
0151-SALROHI100,5,2025-12,0.02,0.17,0.17,0.0,0.58,
0151-SALROHI100,6,2025-12,0.02,0.25,0.25,0.0,0.17,
0151-SALROHI100,7,2025-12,0.04,1.5,1.5,0.0,0.89,
0151-SALROHI100,9,2025-12,3.3,6.0,6.0,0.0,7.33,4.0
0151-SALROHI100,12,2025-12,4.64,105.0,105.0,0.0,143.33,
0151-SALROHI100,63,2025-12,0.05,0.42,0.42,0.0,1.28,
0151-SAZCOFCOGD,1,2025-12,419.81,817.33,374.66,442.67,1148.04,200.32
0151-SAZCOFCOGD,4,2025-12,237.29,364.56,151.2,213.36,360.3,76.73
0151-SAZCOFCOGD,5,2025-12,0.02,0.34,0.34,0.0,0.4,
0151-SAZCOFCOGD,6,2025-12,0.02,0.17,0.17,0.0,0.17,
0151-SAZCOFCOGD,7,2025-12,0.02,0.17,0.17,0.0,2.0,
0151-SAZCOFCOGD,9,2025-12,87.15,126.03,16.34,109.69,140.75,16.17
0151-SAZCOFCOGD,12,2025-12,6.12,40.0,40.0,0.0,25.0,
0151-SAZCOFCOGD,28,2025-12,0.02,0.34,0.34,0.0,0.45,
0151-SAZCOFCOGD,63,2025-12,0.06,0.68,0.68,0.0,0.34,0.17
0151-SAZCOFCOGD,64,2025-12,0.02,0.17,0.17,0.0,0.17,
0151-SAZMANTFCO,1,2025-12,38.07,63.0,63.0,0.0,88.67,218.0
0151-SAZMANTFCO,4,2025-12,3.0,9.0,9.0,0.0,21.67,7.0
0151-SAZMANTFCO,9,2025-12,2.97,6.0,6.0,0.0,12.0,1.0
0151-SAZMANTFCO,63,2025-12,0.02,0.66,0.66,0.0,0.58,
0151-SAZMANTFCO,64,2025-12,0.06,0.32,0.32,0.0,0.77,
0152-CEBPUL454G,1,2025-12,9.92,50.0,41.0,9.0,26.67,45.0
0152-FINASH454,1,2025-12,21.66,16.0,7.0,9.0,13.33,
0152-PARRILBS,1,2025-12,17.97,22.0,22.0,0.0,20.67,3.0
0152-PARRILBS,4,2025-12,3.26,4.0,1.0,3.0,7.0,8.0
0152-PARRILBS,9,2025-12,5.74,8.0,8.0,0.0,8.33,1.0
0152-SAZONCOMLB,1,2025-12,339.1,369.0,0.0,369.0,317.33,43.0
0152-SAZONCOMLB,4,2025-12,53.56,166.0,69.0,97.0,261.33,108.0
0152-SAZONCOMLB,5,2025-12,0.39,5.0,5.0,0.0,3.33,
0152-SAZONCOMLB,6,2025-12,1.11,11.0,11.0,0.0,7.33,
0152-SAZONCOMLB,7,2025-12,0.07,4.0,4.0,0.0,3.0,
0152-SAZONCOMLB,9,2025-12,36.87,76.0,40.0,36.0,95.67,21.0
0153-AJ5SOB10U,1,2025-12,92.24,161.0,144.0,17.0,207.33,72.0
0153-AJ5SOB10U,4,2025-12,26.63,71.0,71.0,0.0,129.33,41.0
0153-AJ5SOB10U,5,2025-12,0.05,1.8,1.8,0.0,0.93,
0153-AJ5SOB10U,6,2025-12,0.01,0.1,0.1,0.0,0.5,
0153-AJ5SOB10U,7,2025-12,0.33,0.7,0.7,0.0,0.6,
0153-AJ5SOB10U,9,2025-12,66.01,122.0,122.0,0.0,176.33,118.0
0153-AJ5SOB10U,63,2025-12,0.02,0.1,0.1,0.0,1.0,0.1
0153-AJ5SOB10U,64,2025-12,0.41,0.7,0.7,0.0,0.73,
0153-AJ5SOB10U,65,2025-12,0.04,0.1,0.1,0.0,0.17,
0153-AJOXUNDEV,5,2025-12,0.54,8.0,8.0,0.0,22.67,
0153-AJOXUNDEV,6,2025-12,0.75,16.0,16.0,0.0,13.33,
0153-AJOXUNDEV,7,2025-12,0.21,4.0,4.0,0.0,20.33,
0153-AJOXUNDEV,63,2025-12,4.99,8.0,8.0,0.0,12.0,3.0
0153-AJOXUNDEV,64,2025-12,12.65,18.0,18.0,0.0,19.67,3.0
0153-AJOXUNDEV,65,2025-12,47.62,82.0,82.0,0.0,102.67,4.0
0153-ARRO5SOB10,1,2025-12,271.63,327.0,327.0,0.0,363.0,342.0
0153-ARRO5SOB10,4,2025-12,43.14,100.0,100.0,0.0,162.67,91.0
0153-ARRO5SOB10,5,2025-12,0.01,0.1,0.1,0.0,0.43,
0153-ARRO5SOB10,6,2025-12,0.02,0.6,0.6,0.0,0.7,
0153-ARRO5SOB10,7,2025-12,0.01,0.1,0.1,0.0,0.83,
0153-ARRO5SOB10,9,2025-12,139.68,248.0,248.0,0.0,334.33,415.0
0153-ARRO5SOB10,63,2025-12,2.31,2.2,2.2,0.0,1.57,0.2
0153-ARRO5SOB10,64,2025-12,0.08,0.7,0.7,0.0,2.37,0.4
0153-ARRO5SOB10,65,2025-12,3.43,1.0,1.0,0.0,0.5,
0153-ARROXUNDEV,5,2025-12,0.65,13.0,13.0,0.0,11.67,
0153-ARROXUNDEV,6,2025-12,0.56,9.0,9.0,0.0,7.33,
0153-ARROXUNDEV,7,2025-12,0.54,15.0,15.0,0.0,19.0,
0153-ARROXUNDEV,63,2025-12,27.35,28.0,28.0,0.0,22.67,2.0
0153-ARROXUNDEV,64,2025-12,2.12,6.0,6.0,0.0,10.33,
0153-ARROXUNDEV,65,2025-12,20.04,28.0,28.0,0.0,40.0,1.0
0153-CACHXUNDEV,6,2025-12,0.17,4.0,4.0,0.0,6.33,
0153-CACHXUNDEV,7,2025-12,3.52,22.0,22.0,0.0,26.67,
0153-CACHXUNDEV,63,2025-12,0.53,4.0,4.0,0.0,2.33,
0153-CACHXUNDEV,64,2025-12,0.66,3.0,3.0,0.0,3.0,1.0
0153-CACHXUNDEV,65,2025-12,4.27,4.0,4.0,0.0,3.33,
0153-CALACHC10,1,2025-12,183.17,256.0,145.0,111.0,288.53,167.36
0153-CALACHC10,4,2025-12,78.43,162.0,65.0,97.0,226.0,221.0
0153-CALACHC10,5,2025-12,0.01,0.1,0.1,0.0,0.5,
0153-CALACHC10,6,2025-12,0.02,0.8,0.8,0.0,0.97,
0153-CALACHC10,7,2025-12,0.14,1.0,1.0,0.0,0.5,
0153-CALACHC10,9,2025-12,73.6,134.0,93.0,41.0,191.67,178.0
0153-CALACHC10,63,2025-12,1.35,0.9,0.9,0.0,0.53,
0153-CALACHC10,64,2025-12,0.26,0.4,0.4,0.0,0.57,
0153-CALACHC10,65,2025-12,0.1,0.2,0.2,0.0,0.23,
0153-CALD5SOB10,1,2025-12,88.87,117.0,36.0,81.0,131.67,41.0
0153-CALD5SOB10,4,2025-12,221.38,234.0,60.0,174.0,218.0,29.0
0153-CALD5SOB10,5,2025-12,0.02,0.1,0.1,0.0,1.13,
0153-CALD5SOB10,6,2025-12,0.07,0.6,0.6,0.0,0.4,
0153-CALD5SOB10,7,2025-12,0.03,0.5,0.5,0.0,0.7,
0153-CALD5SOB10,9,2025-12,67.34,99.0,18.0,81.0,113.0,38.0
0153-CALD5SOB10,63,2025-12,3.17,0.8,0.8,0.0,0.47,
0153-CALD5SOB10,64,2025-12,0.81,0.4,0.4,0.0,0.27,0.1
0153-CALD5SOB10,65,2025-12,0.33,0.8,0.8,0.0,2.63,
0153-CALPXUNDEV,5,2025-12,0.27,5.0,5.0,0.0,11.33,
0153-CALPXUNDEV,6,2025-12,0.39,6.0,6.0,0.0,10.33,
0153-CALPXUNDEV,7,2025-12,1.28,20.0,20.0,0.0,25.67,
0153-CALPXUNDEV,63,2025-12,0.25,1.0,1.0,0.0,16.33,9.0
0153-CALPXUNDEV,64,2025-12,6.96,7.0,7.0,0.0,5.33,1.0
0153-CALPXUNDEV,65,2025-12,0.39,1.0,1.0,0.0,29.33,
0153-CEBOPOL10G,1,2025-12,1.04,18.0,0.0,18.0,21.67,
0153-CEBOPOL10G,4,2025-12,0.12,1.0,1.0,0.0,2.33,
0153-CEBOPOL10G,5,2025-12,0.49,2.45,2.45,0.0,0.94,
0153-CEBOPOL10G,6,2025-12,0.01,0.01,0.01,0.0,0.02,
0153-CEBOPOL10G,7,2025-12,0.09,0.15,0.15,0.0,0.06,
0153-CEBOPOL10G,9,2025-12,0.18,3.0,0.0,3.0,4.33,
0153-CEBOPOL10G,63,2025-12,0.92,0.58,0.58,0.0,0.53,
0153-CEBOPOL10G,65,2025-12,0.02,0.02,0.02,0.0,0.02,
0153-CEBPOL10UD,1,2025-12,1.46,13.0,0.0,13.0,27.67,
0153-CEBPOL10UD,4,2025-12,0.25,3.0,3.0,0.0,20.33,
0153-CEBPOL10UD,5,2025-12,0.31,0.6,0.6,0.0,1.13,
0153-CEBPOL10UD,6,2025-12,0.34,2.0,2.0,0.0,1.0,
0153-CEBPOL10UD,7,2025-12,0.15,1.0,1.0,0.0,0.93,
0153-CEBPOL10UD,9,2025-12,0.72,8.0,5.0,3.0,21.67,
0153-CEBPOL10UD,63,2025-12,0.02,0.8,0.8,0.0,0.63,0.9
0153-CEBPOL10UD,64,2025-12,0.01,0.2,0.2,0.0,0.6,2.0
0153-CEBPOL10UD,65,2025-12,0.16,0.3,0.3,0.0,2.5,0.1
0153-CEBXUNDEV,5,2025-12,0.1,2.0,2.0,0.0,3.67,
0153-CEBXUNDEV,6,2025-12,0.16,2.0,2.0,0.0,6.0,
0153-CEBXUNDEV,63,2025-12,0.13,1.0,1.0,0.0,9.67,
0153-CEBXUNDEV,64,2025-12,0.51,3.0,3.0,0.0,8.67,2.0
0153-CEBXUNDEV,65,2025-12,259.0,116.0,116.0,0.0,81.33,
0153-CONSATO 5S,1,2025-12,161.91,136.0,62.0,74.0,166.35,36.0
0153-CONSATO 5S,4,2025-12,6.97,7.0,7.0,0.0,13.0,2.0
0153-CONSATO 5S,9,2025-12,3.91,9.0,9.0,0.0,32.0,2.0
0153-CONSATO 5S,63,2025-12,0.01,0.05,0.05,0.0,0.2,0.03
0153-CONSATO 5S,64,2025-12,0.08,0.03,0.03,0.0,0.02,
0153-CONSO4S100,1,2025-12,35.26,92.0,92.0,0.0,253.0,21.0
0153-CONSO4S100,4,2025-12,0.59,4.0,4.0,0.0,14.0,
0153-CONSO4S100,9,2025-12,2.81,6.0,6.0,0.0,10.33,1.0
0153-CONSO4S100,63,2025-12,0.01,0.03,0.03,0.0,0.18,
0153-CONSO4S100,65,2025-12,0.04,0.04,0.04,0.0,0.02,
0153-CONSO4S10U,1,2025-12,25.2,60.0,6.0,54.0,91.33,32.0
0153-CONSO4S10U,4,2025-12,78.61,129.0,17.0,112.0,145.33,9.0
0153-CONSO4S10U,9,2025-12,67.44,63.0,4.0,59.0,56.67,23.0
0153-CONSO4S10U,63,2025-12,0.02,0.3,0.3,0.0,0.3,
0153-CONSO4S10U,64,2025-12,0.01,0.1,0.1,0.0,0.13,
0153-CSATXUNDEV,64,2025-12,12.64,5.0,5.0,0.0,3.33,
0153-CSATXUNDEV,65,2025-12,16.81,77.0,77.0,0.0,163.33,
0153-PIM5SOB10U,1,2025-12,158.31,189.0,151.0,38.0,181.0,112.0
0153-PIM5SOB10U,4,2025-12,13.91,46.0,46.0,0.0,99.0,27.0
0153-PIM5SOB10U,5,2025-12,0.03,0.2,0.2,0.0,0.27,
0153-PIM5SOB10U,6,2025-12,0.25,0.5,0.5,0.0,0.37,
0153-PIM5SOB10U,7,2025-12,0.06,0.5,0.5,0.0,0.37,
0153-PIM5SOB10U,9,2025-12,44.2,64.0,64.0,0.0,80.67,61.0
0153-PIM5SOB10U,63,2025-12,0.02,2.1,2.1,0.0,1.2,
0153-PIM5SOB10U,64,2025-12,0.02,0.1,0.1,0.0,0.83,
0153-PIM5SOB10U,65,2025-12,0.9,0.6,0.6,0.0,0.63,
0153-PIMXUNDEV,5,2025-12,0.69,11.0,11.0,0.0,12.67,
0153-PIMXUNDEV,6,2025-12,0.64,10.0,10.0,0.0,11.67,
0153-PIMXUNDEV,7,2025-12,0.18,3.0,3.0,0.0,17.67,
0153-PIMXUNDEV,63,2025-12,17.03,13.0,13.0,0.0,12.0,5.0
0153-PIMXUNDEV,64,2025-12,0.24,2.0,2.0,0.0,8.0,2.0
0153-PIMXUNDEV,65,2025-12,31.14,37.0,37.0,0.0,35.67,
0153-SACHXUNDEV,5,2025-12,0.22,3.0,3.0,0.0,11.33,
0153-SACHXUNDEV,6,2025-12,0.22,3.0,3.0,0.0,11.0,
0153-SACHXUNDEV,7,2025-12,0.19,3.0,3.0,0.0,16.67,
0153-SACHXUNDEV,63,2025-12,3.36,7.0,7.0,0.0,9.33,
0153-SACHXUNDEV,64,2025-12,0.1,1.0,1.0,0.0,5.0,
0153-SACHXUNDEV,65,2025-12,14.55,41.0,41.0,0.0,87.67,6.0
0153-SACOMCU10U,1,2025-12,103.38,104.0,104.0,0.0,96.33,63.0
0153-SACOMCU10U,4,2025-12,4.47,15.0,15.0,0.0,35.0,8.0
0153-SACOMCU10U,5,2025-12,0.04,0.1,0.1,0.0,0.2,
0153-SACOMCU10U,6,2025-12,0.03,0.1,0.1,0.0,0.23,
0153-SACOMCU10U,7,2025-12,0.34,2.7,2.7,0.0,2.77,
0153-SACOMCU10U,9,2025-12,14.99,35.0,35.0,0.0,55.33,41.0
0153-SACOMCU10U,63,2025-12,0.19,2.8,2.8,0.0,1.13,0.8
0153-SACOMCU10U,64,2025-12,0.03,0.3,0.3,0.0,0.23,
0153-SACOMCU10U,65,2025-12,0.47,1.7,1.7,0.0,2.77,
0153-SALAJOPE4S,1,2025-12,3.14,31.0,20.0,11.0,41.0,
0153-SALAJOPE4S,4,2025-12,0.05,1.0,0.0,1.0,1.0,
0153-SALAJOPE4S,5,2025-12,0.05,0.02,0.02,0.0,0.09,
0153-SALAJOPE4S,6,2025-12,0.02,0.91,0.91,0.0,0.51,
0153-SALAJOPE4S,7,2025-12,0.01,0.03,0.03,0.0,0.2,
0153-SALAJOPE4S,9,2025-12,1.2,23.0,3.0,20.0,15.33,
0153-SALPER10UD,1,2025-12,3.87,21.0,19.0,2.0,29.0,
0153-SALPER10UD,4,2025-12,5.6,62.0,0.0,62.0,39.33,
0153-SALPER10UD,5,2025-12,0.45,1.5,1.5,0.0,1.4,
0153-SALPER10UD,6,2025-12,0.27,1.4,1.4,0.0,1.03,
0153-SALPER10UD,7,2025-12,0.08,0.1,0.1,0.0,0.77,
0153-SALPER10UD,9,2025-12,0.54,13.0,0.0,13.0,18.67,
0153-SATO10UDS,1,2025-12,18.77,35.0,35.0,0.0,54.0,20.0
0153-SATO10UDS,4,2025-12,11.83,28.0,28.0,0.0,57.67,7.0
0153-SATO10UDS,9,2025-12,2.91,16.0,16.0,0.0,65.33,15.0
0153-SATO10UDS,64,2025-12,0.67,1.6,1.6,0.0,2.1,
0153-SATO10UDS,65,2025-12,6.4,4.2,4.2,0.0,2.73,
0153-SAZACH10U,1,2025-12,90.04,153.0,153.0,0.0,214.67,138.0
0153-SAZACH10U,4,2025-12,20.73,63.0,63.0,0.0,120.33,45.0
0153-SAZACH10U,5,2025-12,0.02,0.2,0.2,0.0,0.2,
0153-SAZACH10U,6,2025-12,0.02,0.4,0.4,0.0,0.6,
0153-SAZACH10U,7,2025-12,0.05,1.6,1.6,0.0,1.87,
0153-SAZACH10U,9,2025-12,92.74,142.0,142.0,0.0,180.67,66.0
0153-SAZACH10U,63,2025-12,4.32,3.3,3.3,0.0,2.03,0.5
0153-SAZACH10U,64,2025-12,0.02,0.5,0.5,0.0,0.43,0.1
0153-SAZACH10U,65,2025-12,0.03,0.3,0.3,0.0,1.33,
0153-SCCUXUNDEV,5,2025-12,0.94,11.0,11.0,0.0,6.0,
0153-SCCUXUNDEV,6,2025-12,0.07,2.0,2.0,0.0,2.33,
0153-SCCUXUNDEV,7,2025-12,2.21,27.0,27.0,0.0,27.67,
0153-SCCUXUNDEV,63,2025-12,4.01,8.0,8.0,0.0,13.33,
0153-SCCUXUNDEV,64,2025-12,1.12,6.0,6.0,0.0,4.0,5.0
0153-SCCUXUNDEV,65,2025-12,220.27,92.0,92.0,0.0,55.33,
0153-SCOMXUNDEV,5,2025-12,0.65,11.0,11.0,0.0,23.33,
0153-SCOMXUNDEV,6,2025-12,0.84,21.0,21.0,0.0,16.0,
0153-SCOMXUNDEV,7,2025-12,1.29,24.0,24.0,0.0,32.33,
0153-SCOMXUNDEV,63,2025-12,0.19,2.0,2.0,0.0,20.0,2.0
0153-SCOMXUNDEV,64,2025-12,6.52,9.0,9.0,0.0,9.67,3.0
0153-SCOMXUNDEV,65,2025-12,3.85,16.0,16.0,0.0,40.67,6.0
0153-ZACOM10U,1,2025-12,477.63,696.0,604.0,92.0,818.34,237.0
0153-ZACOM10U,4,2025-12,71.27,153.0,153.0,0.0,245.07,106.0
0153-ZACOM10U,5,2025-12,0.01,0.1,0.1,0.0,0.33,
0153-ZACOM10U,6,2025-12,0.06,0.4,0.4,0.0,0.3,
0153-ZACOM10U,7,2025-12,0.03,0.5,0.5,0.0,0.47,
0153-ZACOM10U,9,2025-12,132.93,316.0,244.0,72.0,602.67,287.01
0153-ZACOM10U,63,2025-12,3.77,1.5,1.5,0.0,0.93,
0153-ZACOM10U,64,2025-12,0.06,0.8,0.8,0.0,0.37,
0153-ZACOM10U,65,2025-12,2.98,2.5,2.5,0.0,1.6,
0153-ZACOMCUR5S,1,2025-12,133.21,198.0,97.0,101.0,196.67,67.0
0153-ZACOMCUR5S,4,2025-12,12.12,15.0,15.0,0.0,15.33,
0153-ZACOMCUR5S,5,2025-12,0.01,0.07,0.07,0.0,0.25,
0153-ZACOMCUR5S,6,2025-12,0.02,0.03,0.03,0.0,0.02,
0153-ZACOMCUR5S,7,2025-12,0.02,0.04,0.04,0.0,0.03,
0153-ZACOMCUR5S,9,2025-12,6.57,10.0,10.0,0.0,12.33,4.0
0153-ZACOMCUR5S,63,2025-12,0.41,0.52,0.52,0.0,0.41,0.18
0153-ZACOMCUR5S,65,2025-12,0.34,0.39,0.39,0.0,0.32,
0154-CHIA150GR,1,2025-12,32.22,114.17,114.17,0.0,449.85,84.42
0154-CHIA150GR,4,2025-12,13.01,28.0,28.0,0.0,79.85,13.52
0154-CHIA150GR,5,2025-12,0.02,0.41,0.41,0.0,0.44,
0154-CHIA150GR,6,2025-12,0.02,0.16,0.16,0.0,0.16,
0154-CHIA150GR,7,2025-12,0.03,0.17,0.17,0.0,0.22,
0154-CHIA150GR,9,2025-12,6.69,21.83,21.83,0.0,50.92,6.84
0154-CHIA150GR,63,2025-12,1.78,2.58,2.58,0.0,2.89,0.08
0154-CHIA150GR,64,2025-12,0.2,0.17,0.17,0.0,0.14,
0154-CHIA150GR,65,2025-12,0.45,1.75,1.75,0.0,0.72,
0154-EMPACOMPLE,1,2025-12,26.21,91.25,91.25,0.0,174.67,22.25
0154-EMPACOMPLE,4,2025-12,8.85,29.67,22.75,6.92,51.11,11.0
0154-EMPACOMPLE,5,2025-12,0.02,0.51,0.51,0.0,1.28,
0154-EMPACOMPLE,6,2025-12,0.01,0.1,0.1,0.0,0.16,
0154-EMPACOMPLE,7,2025-12,0.08,1.15,1.15,0.0,0.98,
0154-EMPACOMPLE,9,2025-12,6.65,14.25,14.25,0.0,21.68,5.75
0154-EMPACOMPLE,24,2025-12,0.05,0.13,0.13,0.0,0.08,
0154-EMPACOMPLE,63,2025-12,0.06,0.5,0.5,0.0,3.06,0.41
0154-EMPACOMPLE,64,2025-12,0.19,0.35,0.35,0.0,0.38,0.45
0154-EMPACOMPLE,65,2025-12,0.24,0.62,0.62,0.0,1.12,0.92
0154-EMPACONDIM,1,2025-12,514.7,310.57,79.25,231.32,189.21,25.0
0154-EMPACONDIM,4,2025-12,14.79,23.34,22.5,0.84,30.61,4.5
0154-EMPACONDIM,5,2025-12,0.02,0.96,0.96,0.0,1.49,
0154-EMPACONDIM,6,2025-12,0.01,0.06,0.06,0.0,0.36,
0154-EMPACONDIM,7,2025-12,0.02,0.6,0.6,0.0,0.63,
0154-EMPACONDIM,9,2025-12,12.88,20.72,18.0,2.72,23.49,4.75
0154-EMPACONDIM,10,2025-12,0.01,0.27,0.27,0.0,0.94,
0154-EMPACONDIM,24,2025-12,0.01,0.15,0.15,0.0,0.39,
0154-EMPACONDIM,25,2025-12,0.04,0.15,0.15,0.0,0.11,
0154-EMPACONDIM,63,2025-12,0.04,1.0,1.0,0.0,0.51,0.21
0154-EMPACONDIM,64,2025-12,0.64,0.48,0.48,0.0,0.35,0.06
0154-EMPACONDIM,65,2025-12,0.69,1.16,1.16,0.0,1.81,0.21
0154-EMPCASERO,1,2025-12,106.64,93.5,73.5,20.0,78.17,58.97
0154-EMPCASERO,4,2025-12,4.15,11.25,11.25,0.0,19.58,2.0
0154-EMPCASERO,5,2025-12,0.06,1.38,1.38,0.0,1.52,
0154-EMPCASERO,6,2025-12,0.02,0.75,0.75,0.0,0.83,
0154-EMPCASERO,7,2025-12,0.01,0.02,0.02,0.0,1.13,
0154-EMPCASERO,9,2025-12,7.48,13.75,13.75,0.0,18.5,3.25
0154-EMPCASERO,10,2025-12,0.04,0.58,0.58,0.0,0.86,
0154-EMPCASERO,24,2025-12,1.45,0.42,0.42,0.0,0.43,
0154-EMPCASERO,63,2025-12,0.05,0.38,0.38,0.0,1.51,0.04
0154-EMPCASERO,64,2025-12,4.98,1.74,1.74,0.0,1.02,0.17
0154-EMPCASERO,65,2025-12,0.03,0.31,0.31,0.0,2.56,0.43
0154-PIMGR150GR,1,2025-12,38.98,56.25,56.25,0.0,61.86,48.17
0154-PIMGR150GR,4,2025-12,10.12,14.58,14.58,0.0,17.58,7.0
0154-PIMGR150GR,5,2025-12,0.01,0.33,0.33,0.0,0.69,
0154-PIMGR150GR,6,2025-12,0.01,0.08,0.08,0.0,0.28,
0154-PIMGR150GR,7,2025-12,0.02,0.25,0.25,0.0,0.33,
0154-PIMGR150GR,9,2025-12,3.57,10.0,10.0,0.0,17.77,5.42
0154-PIMGR150GR,63,2025-12,0.02,1.23,1.23,0.0,0.77,0.08
0154-PIMGR150GR,64,2025-12,0.05,0.25,0.25,0.0,0.16,
0154-PIMGR150GR,65,2025-12,8.38,1.17,1.17,0.0,0.5,
0154-SACOM160G,1,2025-12,209.1,282.23,216.17,66.06,274.63,133.5
0154-SACOM160G,4,2025-12,58.28,71.06,71.0,0.06,67.85,44.25
0154-SACOM160G,5,2025-12,0.17,3.9,3.9,0.0,4.54,
0154-SACOM160G,6,2025-12,0.02,0.42,0.42,0.0,1.08,
0154-SACOM160G,7,2025-12,0.01,0.41,0.41,0.0,0.63,
0154-SACOM160G,9,2025-12,20.02,37.15,25.0,12.15,47.49,14.25
0154-SACOM160G,63,2025-12,0.05,0.56,0.56,0.0,4.65,1.15
0154-SACOM160G,64,2025-12,1.97,1.66,1.66,0.0,1.24,0.16
0154-SACOM160G,65,2025-12,1.04,1.15,1.15,0.0,1.09,0.24
0157-MANI454GR,1,2025-12,8.46,38.75,38.75,0.0,106.44,24.0
0157-MANI454GR,4,2025-12,22.6,22.25,20.25,2.0,20.25,3.5
0157-MANI454GR,9,2025-12,1.94,6.0,6.0,0.0,12.0,3.5
0157-MANI454GR,63,2025-12,0.13,0.25,0.25,0.0,0.38,0.16
0157-MANI454GR,65,2025-12,0.02,0.32,0.32,0.0,0.29,
0158-GELCERE100,1,2025-12,2.13,9.25,9.25,0.0,32.5,13.0
0158-GELCERE100,4,2025-12,1.15,3.5,3.5,0.0,7.83,2.25
0158-GELCERE100,5,2025-12,0.01,0.31,0.31,0.0,0.92,
0158-GELCERE100,6,2025-12,0.01,0.15,0.15,0.0,0.28,
0158-GELCERE100,7,2025-12,0.01,0.15,0.15,0.0,0.66,
0158-GELCERE100,9,2025-12,0.75,3.0,3.0,0.0,7.0,2.0
0158-GELCERE100,24,2025-12,0.08,0.15,0.15,0.0,0.2,
0158-GELCERE100,63,2025-12,0.04,0.37,0.37,0.0,1.3,0.02
0158-GELCERE100,64,2025-12,0.02,0.08,0.08,0.0,0.25,
0158-GELCERE100,65,2025-12,0.01,0.02,0.02,0.0,0.32,1.08
0158-GELFRAM100,1,2025-12,2.07,10.75,10.75,0.0,37.83,19.25
0158-GELFRAM100,4,2025-12,2.02,4.25,4.25,0.0,5.83,0.37
0158-GELFRAM100,5,2025-12,0.02,0.56,0.56,0.0,0.61,
0158-GELFRAM100,6,2025-12,0.02,0.22,0.22,0.0,0.16,
0158-GELFRAM100,7,2025-12,0.01,0.5,0.5,0.0,0.58,
0158-GELFRAM100,9,2025-12,0.06,0.5,0.5,0.0,5.58,2.0
0158-GELFRAM100,24,2025-12,0.05,0.48,0.48,0.0,0.45,
0158-GELFRAM100,63,2025-12,0.15,0.49,0.49,0.0,0.95,
0158-GELFRAM100,64,2025-12,0.2,0.42,0.42,0.0,0.45,0.13
0158-GELFRAM100,65,2025-12,0.06,0.2,0.2,0.0,0.71,0.04
0158-GELFRES100,1,2025-12,2.52,15.5,15.5,0.0,78.25,75.99
0158-GELFRES100,4,2025-12,2.16,7.25,7.25,0.0,13.54,8.5
0158-GELFRES100,5,2025-12,0.04,1.39,1.39,0.0,1.02,
0158-GELFRES100,6,2025-12,0.01,0.06,0.06,0.0,0.05,
0158-GELFRES100,7,2025-12,0.01,0.02,0.02,0.0,0.26,
0158-GELFRES100,9,2025-12,1.35,4.25,4.25,0.0,8.42,2.75
0158-GELFRES100,24,2025-12,0.02,0.13,0.13,0.0,0.18,
0158-GELFRES100,63,2025-12,0.03,1.09,1.09,0.0,0.54,
0158-GELFRES100,64,2025-12,0.59,0.48,0.48,0.0,0.3,
0158-GELFRES100,65,2025-12,0.17,0.29,0.29,0.0,0.55,
0158-GELUVA100G,1,2025-12,2.32,11.25,11.25,0.0,36.42,12.25
0158-GELUVA100G,4,2025-12,2.48,5.5,5.5,0.0,8.75,1.0
0158-GELUVA100G,5,2025-12,0.02,0.68,0.68,0.0,1.44,
0158-GELUVA100G,6,2025-12,0.03,0.21,0.21,0.0,0.18,
0158-GELUVA100G,7,2025-12,0.01,0.86,0.86,0.0,0.91,
0158-GELUVA100G,9,2025-12,0.12,0.75,0.75,0.0,3.25,1.5
0158-GELUVA100G,24,2025-12,0.08,0.35,0.35,0.0,0.24,
0158-GELUVA100G,28,2025-12,0.02,0.51,0.51,0.0,0.3,
0158-GELUVA100G,63,2025-12,0.05,0.37,0.37,0.0,1.21,0.29
0158-GELUVA100G,64,2025-12,0.02,0.21,0.21,0.0,0.38,
0158-GELUVA100G,65,2025-12,0.01,0.04,0.04,0.0,0.19,0.02
0159-POHOR30GR,1,2025-12,31.98,105.0,105.0,0.0,234.0,121.0
0159-POHOR30GR,4,2025-12,15.09,51.0,51.0,0.0,98.0,6.0
0159-POHOR30GR,5,2025-12,0.04,0.65,0.65,0.0,2.26,
0159-POHOR30GR,6,2025-12,0.02,0.75,0.75,0.0,0.69,
0159-POHOR30GR,7,2025-12,0.01,0.16,0.16,0.0,1.63,
0159-POHOR30GR,9,2025-12,63.42,138.0,29.0,109.0,179.0,25.0
0159-POHOR30GR,63,2025-12,0.01,0.08,0.08,0.0,1.24,
0159-POHOR30GR,64,2025-12,0.01,0.16,0.16,0.0,0.69,
0159-POHOR30GR,65,2025-12,0.02,0.08,0.08,0.0,0.53,
0159-POHOR8GR,1,2025-12,28.84,85.0,42.0,43.0,251.67,37.0
0159-POHOR8GR,4,2025-12,53.64,67.0,23.0,44.0,52.67,11.0
0159-POHOR8GR,5,2025-12,0.01,0.28,0.28,0.0,0.59,
0159-POHOR8GR,6,2025-12,0.01,0.02,0.02,0.0,0.02,
0159-POHOR8GR,7,2025-12,0.21,0.3,0.3,0.0,0.12,
0159-POHOR8GR,9,2025-12,9.96,27.0,2.0,25.0,53.33,
0159-POHOR8GR,63,2025-12,0.02,0.04,0.04,0.0,0.39,0.02
0159-POHOR8GR,64,2025-12,0.22,0.32,0.32,0.0,0.12,
0159-POHOR8GR,65,2025-12,0.43,0.98,0.98,0.0,0.35,
0159-POLVOH10UD,1,2025-12,1.45,5.0,5.0,0.0,11.0,2.0
0159-POLVOH10UD,4,2025-12,3.4,10.0,2.0,8.0,19.33,1.0
0159-POLVOH10UD,5,2025-12,0.02,0.1,0.1,0.0,0.13,
0159-POLVOH10UD,6,2025-12,0.01,0.1,0.1,0.0,0.33,
0159-POLVOH10UD,7,2025-12,0.05,0.2,0.2,0.0,1.4,
0159-POLVOH10UD,9,2025-12,29.81,10.0,5.0,5.0,6.33,4.0
0160-CACHCU195G,1,2025-12,27.64,64.0,64.0,0.0,200.33,77.0
0160-CACHCU195G,4,2025-12,3.8,15.0,15.0,0.0,33.0,5.0
0160-CACHCU195G,9,2025-12,6.48,10.0,7.0,3.0,11.33,6.0
0160-CACHCU195G,65,2025-12,1.0,1.08,1.08,0.0,1.28,
0160-PIMNGRA150,1,2025-12,28.19,30.0,30.0,0.0,25.0,19.0
0160-PIMNGRA150,4,2025-12,98.17,29.0,14.0,15.0,13.04,2.0
0160-PIMNGRA150,5,2025-12,0.01,0.26,0.26,0.0,0.38,
0160-PIMNGRA150,9,2025-12,0.45,1.0,1.0,0.0,2.42,1.0
0160-PIMNGRA150,12,2025-12,3.82,56.0,56.0,0.0,112.0,
0160-PIMNGRA150,24,2025-12,0.2,0.38,0.38,0.0,0.59,
0160-PIMNGRA150,63,2025-12,0.02,0.13,0.13,0.0,0.26,
0160-SALMAJO275,1,2025-12,0.27,3.0,0.0,3.0,22.51,
0160-SALMAJO275,4,2025-12,0.08,1.0,0.0,1.0,15.67,
0160-SALMAJO275,5,2025-12,0.03,0.51,0.51,0.0,0.84,
0160-SALMAJO275,7,2025-12,0.02,1.25,1.25,0.0,1.09,
0160-SALMAJO275,9,2025-12,0.29,7.0,0.0,7.0,4.67,
0160-SALMAJO275,63,2025-12,0.01,0.13,0.13,0.0,1.01,
0160-SALPIM305,1,2025-12,1.62,7.0,7.0,0.0,25.67,8.0
0160-SALPIM305,4,2025-12,0.28,2.0,2.0,0.0,8.33,
0160-SALPIM305,5,2025-12,0.02,0.13,0.13,0.0,0.46,
0160-SALPIM305,7,2025-12,0.01,0.25,0.25,0.0,0.46,
0160-SALPIM305,9,2025-12,3.86,4.0,4.0,0.0,3.42,1.13
0160-SALPIM305,63,2025-12,0.02,0.26,0.26,0.0,0.51,
0160-SALROHI340,1,2025-12,2.33,11.0,11.0,0.0,31.0,16.0
0160-SALROHI340,4,2025-12,33.45,21.0,15.0,6.0,13.33,1.0
0160-SALROHI340,5,2025-12,0.01,0.13,0.13,0.0,0.26,
0160-SALROHI340,9,2025-12,3.52,5.0,2.0,3.0,5.67,4.0
0160-SALROHI340,12,2025-12,83.55,280.0,280.0,0.0,280.0,
0160-SALROHI340,63,2025-12,0.02,0.26,0.26,0.0,0.42,
0161-ARROFG1054,1,2025-12,68.18,107.33,100.33,7.0,198.14,49.86
0161-ARROFG1054,4,2025-12,7.8,16.84,16.84,0.0,26.39,16.05
0161-ARROFG1054,9,2025-12,23.9,30.09,26.01,4.08,31.78,10.34
0161-ARROFG1054,63,2025-12,0.02,1.0,1.0,0.0,0.72,
0161-ARROFG1054,64,2025-12,0.67,0.34,0.34,0.0,0.28,
0161-ARROFG1054,65,2025-12,1.99,1.0,1.0,0.0,0.95,
0161-PAPRIFCGDE,1,2025-12,51.86,53.0,53.0,0.0,50.17,15.83
0161-PAPRIFCGDE,4,2025-12,3.99,12.17,12.17,0.0,22.0,4.5
0161-PAPRIFCGDE,5,2025-12,0.02,0.5,0.5,0.0,0.78,
0161-PAPRIFCGDE,6,2025-12,0.01,0.34,0.34,0.0,0.56,
0161-PAPRIFCGDE,7,2025-12,0.02,1.34,1.34,0.0,1.12,
0161-PAPRIFCGDE,9,2025-12,0.49,2.5,2.5,0.0,7.68,3.17
0161-PAPRIFCGDE,12,2025-12,1.46,20.0,20.0,0.0,16.67,
0161-PAPRIFCGDE,63,2025-12,0.01,0.34,0.34,0.0,1.28,0.17
0161-PAPRIFCGDE,64,2025-12,1.21,1.0,1.0,0.0,0.67,
0161-PAPRIFCGDE,65,2025-12,0.67,0.34,0.34,0.0,0.67,
0161-PIMOL530G,1,2025-12,132.72,97.2,42.17,55.03,81.42,25.03
0161-PIMOL530G,4,2025-12,102.05,52.47,27.35,25.12,32.45,2.5
0161-PIMOL530G,5,2025-12,0.01,0.34,0.34,0.0,0.84,
0161-PIMOL530G,6,2025-12,0.01,0.17,0.17,0.0,0.28,
0161-PIMOL530G,7,2025-12,0.04,1.0,1.0,0.0,0.5,
0161-PIMOL530G,9,2025-12,5.65,10.46,4.33,6.13,13.6,34.4
0161-PIMOL530G,28,2025-12,0.02,0.17,0.17,0.0,0.17,
0161-PIMOL530G,63,2025-12,0.02,0.5,0.5,0.0,0.56,0.33
0161-PIMOL530G,64,2025-12,0.17,0.17,0.17,0.0,0.17,
0161-SASINSALFG,1,2025-12,0.5,12.17,1.17,11.0,13.11,3.17
0161-SASINSALFG,4,2025-12,0.02,2.0,0.0,2.0,1.34,0.33
0161-SASINSALFG,9,2025-12,0.32,3.0,0.0,3.0,1.67,
0162-AJOCULAN28,1,2025-12,64.44,69.25,69.25,0.0,62.5,6.0
0162-AJOCULAN28,4,2025-12,1.29,2.0,2.0,0.0,4.62,
0162-AJOCULAN28,9,2025-12,0.23,1.5,1.5,0.0,5.5,0.49
0162-AJOCULAN28,63,2025-12,0.02,0.04,0.04,0.0,4.31,
0162-AJOCULAN28,64,2025-12,0.04,0.17,0.17,0.0,0.35,
0162-AJOCULAN28,65,2025-12,0.02,0.19,0.19,0.0,1.05,
0162-ANIESTCOND,1,2025-12,9.72,25.25,25.25,0.0,39.28,
0162-CEBMOL28G,1,2025-12,75.87,62.25,53.25,9.0,50.75,3.25
0162-CEBMOL28G,4,2025-12,1.17,2.74,1.5,1.24,3.5,
0162-CEBMOL28G,9,2025-12,0.12,0.75,0.75,0.0,2.83,0.25
0162-CEBMOL28G,63,2025-12,0.1,3.68,3.68,0.0,3.43,0.02
0162-CONDAJO28G,1,2025-12,41.87,44.25,44.25,0.0,40.25,9.0
0162-CONDAJO28G,4,2025-12,0.03,0.24,0.0,0.24,3.66,0.25
0162-CONDAJO28G,9,2025-12,0.77,2.25,2.25,0.0,3.92,
0162-CONDAJO28G,63,2025-12,0.03,0.14,0.14,0.0,3.58,
0162-CONDAJO28G,64,2025-12,0.01,0.15,0.15,0.0,0.97,
0162-CONDAJO28G,65,2025-12,0.16,0.54,0.54,0.0,1.42,
0162-CONDCANR20,1,2025-12,56.44,49.25,49.25,0.0,36.17,5.25
0162-CONDCANR20,4,2025-12,0.17,0.5,0.5,0.0,0.92,
0162-CONDCANR20,9,2025-12,0.1,0.75,0.75,0.0,2.67,0.25
0162-CONDCOMP40,1,2025-12,61.2,72.25,72.25,0.0,69.42,6.25
0162-CONDCOMP40,4,2025-12,0.12,1.25,1.25,0.0,10.66,
0162-CONDCOMP40,9,2025-12,0.53,2.25,2.25,0.0,5.08,0.5
0162-CONDCOMP40,63,2025-12,0.02,0.04,0.04,0.0,0.16,
0162-CONDCOMP40,65,2025-12,0.01,0.02,0.02,0.0,0.29,
0162-CONDCONT40,1,2025-12,45.93,35.75,35.75,0.0,27.42,6.25
0162-CONDCONT40,4,2025-12,0.03,0.25,0.25,0.0,2.42,
0162-CONDCONT40,9,2025-12,0.5,1.0,1.0,0.0,1.92,
0162-CONDCONT40,63,2025-12,0.02,0.27,0.27,0.0,0.51,
0162-CONDCUR25G,1,2025-12,33.47,33.0,33.0,0.0,25.25,3.5
0162-CONDCUR25G,4,2025-12,0.09,1.75,1.75,0.0,1.0,
0162-CONDCUR25G,9,2025-12,0.33,0.5,0.5,0.0,0.75,
0162-CONDCUR28G,1,2025-12,53.58,61.5,61.5,0.0,57.75,13.5
0162-CONDCUR28G,4,2025-12,0.95,2.5,2.5,0.0,3.33,
0162-CONDCUR28G,9,2025-12,0.03,0.25,0.25,0.0,3.33,
0162-CONDCUR28G,63,2025-12,0.02,0.06,0.06,0.0,0.23,
0162-CONDLAUR6G,1,2025-12,31.01,54.25,54.25,0.0,58.86,4.5
0162-CONDLAUR6G,4,2025-12,0.31,2.5,2.5,0.0,20.02,0.25
0162-CONDLAUR6G,9,2025-12,1.52,5.0,5.0,0.0,17.47,1.11
0162-CONDPAPR25,1,2025-12,57.07,68.75,68.75,0.0,66.08,7.25
0162-CONDPAPR25,4,2025-12,0.56,2.25,2.25,0.0,8.28,0.12
0162-CONDPAPR25,9,2025-12,0.49,2.0,2.0,0.0,4.67,0.5
0162-CONDPAPR25,63,2025-12,0.02,0.04,0.04,0.0,0.15,
0162-CONDPIMG25,1,2025-12,38.89,41.5,41.5,0.0,35.25,5.75
0162-CONDPIMG25,4,2025-12,1.37,1.75,1.75,0.0,2.16,
0162-CONDPIMG25,9,2025-12,0.31,1.25,1.25,0.0,2.42,0.75
0162-CONDREC25G,1,2025-12,32.75,54.75,54.75,0.0,60.78,11.25
0162-CONDREC25G,4,2025-12,0.17,0.75,0.75,0.0,2.25,
0162-CONDREC25G,9,2025-12,0.21,1.0,1.0,0.0,2.95,
0162-CONDREC25G,63,2025-12,0.02,0.02,0.02,0.0,0.1,
0162-CONDRESA50,1,2025-12,27.91,29.87,29.75,0.12,22.12,7.5
0162-CONDRESA50,4,2025-12,0.52,1.25,1.25,0.0,1.75,0.5
0162-CONDRESA50,9,2025-12,1.66,2.0,2.0,0.0,2.0,0.75
0162-CONDRESA50,63,2025-12,0.01,0.02,0.02,0.0,0.11,
0162-CONDSACH45,1,2025-12,42.81,60.25,55.25,5.0,60.08,8.0
0162-CONDSACH45,4,2025-12,0.03,0.25,0.25,0.0,1.67,
0162-CONDSACH45,9,2025-12,3.03,3.25,3.25,0.0,3.58,
0162-CONDSACH45,63,2025-12,0.01,0.02,0.02,0.0,0.13,
0162-CONDSACH45,64,2025-12,0.06,0.17,0.17,0.0,0.27,
0162-CONORENT10,1,2025-12,39.14,43.12,38.0,5.12,35.87,4.25
0162-CONORENT10,4,2025-12,21.46,7.0,7.0,0.0,3.08,
0162-CONORENT10,9,2025-12,0.03,0.25,0.25,0.0,2.92,
0163-CSACOUNDEV,63,2025-12,1.39,2.0,2.0,0.0,6.67,
0163-CSACOUNDEV,64,2025-12,2.26,3.0,3.0,0.0,4.0,6.0
0163-CSACOUNDEV,65,2025-12,0.11,2.0,2.0,0.0,3.67,
0202-RECAITO100,1,2025-12,9.6,26.0,26.0,0.0,269.24,367.0
0202-RECAITO100,4,2025-12,0.12,1.0,1.0,0.0,5.67,9.0
0202-RECAITO100,5,2025-12,0.14,7.65,7.65,0.0,6.01,
0202-RECAITO100,6,2025-12,0.01,0.02,0.02,0.0,0.16,
0202-RECAITO100,7,2025-12,0.01,0.08,0.08,0.0,1.28,
0202-RECAITO100,9,2025-12,8.33,8.75,7.75,1.0,9.92,96.08
0202-RECAITO100,13,2025-12,0.02,1.0,1.0,0.0,1.0,
0202-RECAITO100,14,2025-12,0.27,3.0,3.0,0.0,8.33,
0202-RECAITO100,30,2025-12,5.69,36.0,36.0,0.0,25.67,
0202-RECAITO100,63,2025-12,0.01,0.04,0.04,0.0,0.75,0.04
0202-RECAITO100,64,2025-12,0.02,0.12,0.12,0.0,0.11,
0202-RECAITO100,65,2025-12,0.01,0.02,0.02,0.0,0.03,
0203-4PACKXTRAS,30,2025-12,9.25,120.0,120.0,0.0,140.0,
0203-CHI24VALUE,30,2025-12,8.67,256.0,256.0,0.0,218.67,
0203-CHIN24XTRA,30,2025-12,256.19,256.0,256.0,0.0,256.0,
0203-CON24VALUE,30,2025-12,18.72,140.0,140.0,0.0,79.33,
0203-COND24XTRA,30,2025-12,9.34,128.0,128.0,0.0,128.0,
0203-ING24VALUE,30,2025-12,8.27,128.0,128.0,0.0,127.33,
0203-ING24XTRA,30,2025-12,13.96,192.0,192.0,0.0,170.67,
0203-SAZO24XTRA,30,2025-12,9.38,192.0,192.0,0.0,192.0,
0203-SCHI5.5VAL,30,2025-12,6.72,120.0,120.0,0.0,190.0,
0203-SCON5.5VAL,30,2025-12,89.36,120.0,120.0,0.0,63.33,
0203-SING5.5VAL,30,2025-12,9.91,120.0,120.0,0.0,106.67,
0204-TRIGOLDEN5,30,2025-12,1983.95,3750.0,3750.0,0.0,1950.0,
0204-TRIO27VALU,30,2025-12,44.38,256.0,256.0,0.0,172.67,
0204-TRIO5.5SAB,5,2025-12,0.02,0.65,0.65,0.0,0.6,
0204-TRIO5.5SAB,30,2025-12,727.37,1200.0,1200.0,0.0,1400.0,
0204-TRIO5.5SAB,63,2025-12,0.02,0.13,0.13,0.0,0.81,
0204-TRIOVALUE,30,2025-12,72.09,360.0,360.0,0.0,470.0,
0209-RECAO16OZ,1,2025-12,120.94,189.25,177.25,12.0,197.58,64.75
0209-RECAO16OZ,4,2025-12,4.21,6.0,6.0,0.0,7.58,6.99
0209-RECAO16OZ,5,2025-12,0.25,14.76,14.76,0.0,17.08,
0209-RECAO16OZ,6,2025-12,0.02,0.58,0.58,0.0,1.44,
0209-RECAO16OZ,7,2025-12,0.11,6.85,6.85,0.0,8.09,
0209-RECAO16OZ,9,2025-12,9.64,16.5,16.5,0.0,21.42,13.49
0209-RECAO16OZ,24,2025-12,1.47,0.71,0.71,0.0,0.42,0.75
0209-RECAO16OZ,63,2025-12,0.04,0.37,0.37,0.0,1.94,1.46
0209-RECAO16OZ,64,2025-12,0.04,0.17,0.17,0.0,0.33,
0209-RECAO16OZ,65,2025-12,0.98,2.13,2.13,0.0,2.96,0.13
0209-RECAO32OZ,1,2025-12,4.07,70.03,0.0,70.03,144.89,
0209-RECAO32OZ,4,2025-12,0.06,1.18,0.17,1.01,2.18,
0209-RECAO32OZ,5,2025-12,0.04,0.5,0.5,0.0,0.28,
0209-RECAO32OZ,6,2025-12,0.02,0.83,0.83,0.0,1.11,
0209-RECAO32OZ,7,2025-12,0.02,1.0,1.0,0.0,0.72,
0209-RECAO32OZ,9,2025-12,1.22,22.01,0.0,22.01,33.1,
0209-RECAO8OZ,1,2025-12,35.59,127.75,127.75,0.0,301.08,598.91
0209-RECAO8OZ,4,2025-12,20.05,25.0,25.0,0.0,24.66,10.92
0209-RECAO8OZ,5,2025-12,0.23,11.15,11.15,0.0,14.64,
0209-RECAO8OZ,6,2025-12,0.01,0.08,0.08,0.0,0.6,
0209-RECAO8OZ,7,2025-12,0.02,0.46,0.46,0.0,1.54,
0209-RECAO8OZ,9,2025-12,12.36,29.0,29.0,0.0,47.25,15.25
0209-RECAO8OZ,24,2025-12,2.01,0.88,0.88,0.0,0.45,
0209-RECAO8OZ,63,2025-12,0.05,0.28,0.28,0.0,1.39,1.57
0209-RECAO8OZ,64,2025-12,0.02,0.04,0.04,0.0,0.07,
0209-RECAO8OZ,65,2025-12,0.05,0.33,0.33,0.0,1.45,0.54
0212-TRIOCLIC5.,5,2025-12,0.01,0.13,0.13,0.0,0.38,
0212-TRIOCLIC5.,30,2025-12,484.32,1320.0,1320.0,0.0,1320.0,
0212-TRIOCLIC5.,63,2025-12,0.02,0.25,0.25,0.0,0.25,
0212-TRIOMACHET,5,2025-12,0.01,0.13,0.13,0.0,1.59,
0212-TRIOMACHET,30,2025-12,2144.22,1525.0,1525.0,0.0,887.33,
0212-TRIOXTRA5.,30,2025-12,497.66,1000.0,1000.0,0.0,1600.0,1700.0
0301-HOJUELAFAM,1,2025-12,64.37,210.75,210.75,0.0,429.33,237.87
0301-HOJUELAFAM,4,2025-12,16.81,47.75,47.75,0.0,85.5,23.5
0301-HOJUELAFAM,5,2025-12,0.09,0.21,0.21,0.0,9.04,
0301-HOJUELAFAM,6,2025-12,0.05,1.08,1.08,0.0,1.46,
0301-HOJUELAFAM,7,2025-12,0.08,2.62,2.62,0.0,3.06,
0301-HOJUELAFAM,9,2025-12,21.15,55.5,55.5,0.0,94.0,22.75
0301-HOJUELAFAM,10,2025-12,0.25,3.62,3.62,0.0,2.49,
0301-HOJUELAFAM,63,2025-12,0.79,3.52,3.52,0.0,11.22,1.02
0301-HOJUELAFAM,64,2025-12,0.41,1.31,1.31,0.0,2.38,1.33
0301-HOJUELAFAM,65,2025-12,0.18,0.93,0.93,0.0,2.61,0.41
0302-HOJUELACAN,1,2025-12,11.08,41.5,41.5,0.0,105.17,39.75
0302-HOJUELACAN,4,2025-12,11.98,23.0,23.0,0.0,34.75,7.25
0302-HOJUELACAN,5,2025-12,0.15,4.42,4.42,0.0,3.96,
0302-HOJUELACAN,6,2025-12,0.01,0.58,0.58,0.0,0.89,
0302-HOJUELACAN,7,2025-12,0.02,0.04,0.04,0.0,1.03,
0302-HOJUELACAN,9,2025-12,4.63,13.75,13.75,0.0,29.83,3.54
0302-HOJUELACAN,24,2025-12,0.01,0.08,0.08,0.0,0.21,
0302-HOJUELACAN,63,2025-12,0.04,0.36,0.36,0.0,5.47,1.67
0302-HOJUELACAN,64,2025-12,1.12,2.14,2.14,0.0,3.0,1.05
0302-HOJUELACAN,65,2025-12,0.66,1.64,1.64,0.0,3.1,1.04
0305-CMAIZFAMIL,1,2025-12,10.36,36.0,36.0,0.0,131.85,181.54
0305-CMAIZFAMIL,4,2025-12,30.17,96.49,78.25,18.24,328.86,263.02
0305-CMAIZFAMIL,5,2025-12,0.14,5.04,5.04,0.0,3.86,
0305-CMAIZFAMIL,6,2025-12,0.06,1.79,1.79,0.0,1.65,
0305-CMAIZFAMIL,7,2025-12,0.04,0.75,0.75,0.0,1.63,
0305-CMAIZFAMIL,9,2025-12,8.35,25.5,25.5,0.0,91.88,93.54
0305-CMAIZFAMIL,10,2025-12,0.01,0.75,0.75,0.0,0.97,
0305-CMAIZFAMIL,24,2025-12,0.02,0.13,0.13,0.0,0.6,
0305-CMAIZFAMIL,63,2025-12,0.81,1.67,1.67,0.0,2.33,0.29
0305-CMAIZFAMIL,64,2025-12,0.39,0.7,0.7,0.0,0.87,0.25
0305-CMAIZFAMIL,65,2025-12,2.12,2.57,2.57,0.0,2.05,0.51
0312-PAN453,1,2025-12,55.66,220.25,220.25,0.0,507.67,379.9
0312-PAN453,4,2025-12,48.16,97.5,97.5,0.0,124.25,22.25
0312-PAN453,5,2025-12,0.57,8.82,8.82,0.0,6.34,
0312-PAN453,6,2025-12,0.06,2.83,2.83,0.0,2.33,
0312-PAN453,7,2025-12,0.27,2.04,2.04,0.0,3.76,
0312-PAN453,9,2025-12,11.0,35.75,35.75,0.0,70.58,11.5
0312-PAN453,12,2025-12,6.92,100.0,100.0,0.0,133.33,
0312-PAN453,24,2025-12,2.19,0.42,0.42,0.0,0.22,
0312-PAN453,63,2025-12,0.48,0.99,0.99,0.0,2.47,1.16
0312-PAN453,64,2025-12,0.81,1.49,1.49,0.0,1.69,1.49
0312-PAN453,65,2025-12,7.61,5.09,5.09,0.0,3.44,0.83
0312-PANCAKE170,1,2025-12,14.46,28.64,28.64,0.0,44.66,24.99
0312-PANCAKE170,4,2025-12,14.6,24.6,24.6,0.0,30.01,3.65
0312-PANCAKE170,5,2025-12,0.04,1.34,1.34,0.0,1.08,
0312-PANCAKE170,6,2025-12,0.06,2.63,2.63,0.0,1.13,
0312-PANCAKE170,7,2025-12,0.01,0.66,0.66,0.0,1.4,
0312-PANCAKE170,9,2025-12,5.47,11.12,11.12,0.0,15.54,1.83
0312-PANCAKE170,24,2025-12,1.7,0.65,0.65,0.0,0.46,
0312-PANCAKE170,63,2025-12,0.23,0.75,0.75,0.0,1.71,0.22
0312-PANCAKE170,64,2025-12,1.11,1.96,1.96,0.0,2.2,0.64
0312-PANCAKE170,65,2025-12,5.16,4.02,4.02,0.0,3.99,0.58
0312-SIROP12,1,2025-12,11.7,25.0,25.0,0.0,39.67,187.06
0312-SIROP12,4,2025-12,2.45,5.25,5.25,0.0,7.08,4.75
0312-SIROP12,5,2025-12,0.02,0.91,0.91,0.0,0.8,
0312-SIROP12,6,2025-12,0.02,0.25,0.25,0.0,0.16,
0312-SIROP12,7,2025-12,0.01,0.08,0.08,0.0,0.23,
0312-SIROP12,9,2025-12,0.44,2.0,2.0,0.0,5.29,2.25
0312-SIROP12,12,2025-12,3.46,50.0,50.0,0.0,58.33,
0312-SIROP12,24,2025-12,0.12,0.71,0.71,0.0,0.31,
0312-SIROP12,63,2025-12,0.02,1.53,1.53,0.0,1.42,0.25
0312-SIROP12,64,2025-12,0.23,0.25,0.25,0.0,0.25,
0312-SIROP12,65,2025-12,2.0,0.96,0.96,0.0,0.53,0.13
0414-PANCOM453G,1,2025-12,59.73,203.0,203.0,0.0,429.33,641.94
0414-PANCOM453G,4,2025-12,44.68,78.5,78.5,0.0,93.42,20.4
0414-PANCOM453G,5,2025-12,0.13,1.25,1.25,0.0,1.21,
0414-PANCOM453G,6,2025-12,0.05,1.84,1.84,0.0,1.83,
0414-PANCOM453G,7,2025-12,0.11,0.99,0.99,0.0,2.21,
0414-PANCOM453G,9,2025-12,21.72,50.25,50.25,0.0,83.25,9.0
0414-PANCOM453G,10,2025-12,0.03,0.58,0.58,0.0,2.17,
0414-PANCOM453G,24,2025-12,7.48,1.5,1.5,0.0,0.67,
0414-PANCOM453G,28,2025-12,0.06,1.0,1.0,0.0,0.5,
0414-PANCOM453G,63,2025-12,0.03,0.25,0.25,0.0,1.57,1.41
0414-PANCOM453G,64,2025-12,0.15,0.5,0.5,0.0,0.88,1.33
0414-PANCOM453G,65,2025-12,15.14,4.82,4.82,0.0,3.38,0.5
0414-SIROP6OZ,1,2025-12,34.77,82.0,82.0,0.0,126.83,59.25
0414-SIROP6OZ,4,2025-12,11.45,17.25,17.25,0.0,18.17,5.75
0414-SIROP6OZ,5,2025-12,0.01,0.2,0.2,0.0,0.96,
0414-SIROP6OZ,6,2025-12,0.02,0.08,0.08,0.0,0.11,
0414-SIROP6OZ,7,2025-12,0.01,0.08,0.08,0.0,0.37,
0414-SIROP6OZ,9,2025-12,7.24,14.25,14.25,0.0,24.18,4.0
0414-SIROP6OZ,63,2025-12,0.01,0.04,0.04,0.0,0.41,0.2
0414-SIROP6OZ,64,2025-12,0.01,0.04,0.04,0.0,0.19,
0414-SIROP6OZ,65,2025-12,0.5,0.28,0.28,0.0,0.2,
0415-MIEL175GR,1,2025-12,12.38,51.75,51.75,0.0,184.79,83.75
0415-MIEL175GR,4,2025-12,26.51,43.18,24.5,18.68,47.93,82.6
0415-MIEL175GR,5,2025-12,0.01,0.41,0.41,0.0,0.7,
0415-MIEL175GR,6,2025-12,0.01,0.04,0.04,0.0,0.37,
0415-MIEL175GR,7,2025-12,0.01,0.04,0.04,0.0,0.36,
0415-MIEL175GR,9,2025-12,15.57,41.97,32.25,9.72,74.92,37.95
0415-MIEL175GR,63,2025-12,0.01,0.04,0.04,0.0,0.31,0.16
0415-MIEL175GR,64,2025-12,0.01,0.04,0.04,0.0,0.07,
0415-MIEL175GR,65,2025-12,0.49,0.83,0.83,0.0,0.77,0.33
0415-MIEL365GR,1,2025-12,6.74,23.5,23.5,0.0,58.5,18.0
0415-MIEL365GR,4,2025-12,4.37,16.0,14.0,2.0,29.84,4.15
0415-MIEL365GR,5,2025-12,0.03,1.16,1.16,0.0,1.71,
0415-MIEL365GR,6,2025-12,0.07,0.49,0.49,0.0,0.22,
0415-MIEL365GR,7,2025-12,0.04,0.24,0.24,0.0,0.16,
0415-MIEL365GR,9,2025-12,11.72,20.65,14.5,6.15,24.06,10.18
0415-MIEL365GR,24,2025-12,0.46,0.58,0.58,0.0,0.58,
0415-MIEL365GR,63,2025-12,0.02,0.08,0.08,0.0,2.21,0.75
0415-MIEL365GR,64,2025-12,0.39,0.25,0.25,0.0,0.27,
0415-MIEL365GR,65,2025-12,1.76,1.49,1.49,0.0,1.27,0.33
0415-MIEL525GRS,1,2025-12,1.41,13.0,0.0,13.0,45.67,31.0
0415-MIEL525GRS,4,2025-12,0.03,0.28,0.13,0.15,0.55,
0415-MIEL525GRS,5,2025-12,0.02,0.78,0.78,0.0,1.95,
0415-MIEL525GRS,6,2025-12,0.01,0.08,0.08,0.0,0.19,
0415-MIEL525GRS,7,2025-12,0.02,1.26,1.26,0.0,0.7,
0415-MIEL525GRS,9,2025-12,0.06,2.0,0.0,2.0,3.33,1.0
0415-MIEL525GRS,63,2025-12,0.04,2.17,2.17,0.0,2.57,0.96
0415-MIEL525GRS,64,2025-12,2.76,0.58,0.58,0.0,0.26,
0415-MIEL525GRS,65,2025-12,0.05,0.26,0.26,0.0,0.13,0.08
0502-227GRMANI,1,2025-12,23.08,75.5,75.5,0.0,154.68,67.5
0502-227GRMANI,4,2025-12,13.1,25.0,25.0,0.0,35.67,4.0
0502-227GRMANI,5,2025-12,0.02,1.0,1.0,0.0,0.79,
0502-227GRMANI,6,2025-12,0.01,0.16,0.16,0.0,0.26,
0502-227GRMANI,7,2025-12,0.01,0.25,0.25,0.0,0.55,
0502-227GRMANI,9,2025-12,9.91,21.25,21.25,0.0,30.17,17.5
0502-227GRMANI,24,2025-12,0.22,0.13,0.13,0.0,0.14,
0502-227GRMANI,28,2025-12,0.01,0.25,0.25,0.0,0.5,
0502-227GRMANI,63,2025-12,0.01,0.16,0.16,0.0,1.17,0.12
0502-227GRMANI,64,2025-12,0.01,0.04,0.04,0.0,0.42,
0502-227GRMANI,65,2025-12,0.02,0.16,0.16,0.0,0.9,0.08
0603-ADEPAV34U,1,2025-12,1043.33,546.25,546.25,0.0,357.89,103.75
0603-ADEPAV34U,4,2025-12,14.62,22.5,22.5,0.0,19.21,5.0
0603-ADEPAV34U,5,2025-12,0.04,0.37,0.37,0.0,5.19,
0603-ADEPAV34U,6,2025-12,0.47,1.13,1.13,0.0,0.43,
0603-ADEPAV34U,7,2025-12,0.02,0.04,0.04,0.0,0.79,
0603-ADEPAV34U,9,2025-12,4.25,14.0,14.0,0.0,22.42,4.75
0603-ADEPAV34U,10,2025-12,14.56,17.92,17.92,0.0,12.74,
0603-ADEPAV34U,25,2025-12,0.02,0.84,0.84,0.0,0.93,
0603-ADEPAV34U,63,2025-12,0.12,0.2,0.2,0.0,0.2,0.62
0603-ADEPAV34U,64,2025-12,0.37,0.12,0.12,0.0,0.07,
0603-ADEPAV34U,65,2025-12,0.02,0.13,0.13,0.0,0.49,
0604-VCL16VALUE,30,2025-12,9.49,144.0,144.0,0.0,160.0,
0604-VCL32VALUE,30,2025-12,81.54,416.0,416.0,0.0,329.33,
0604-VICLGOLDEN,30,2025-12,342.04,1067.0,1067.0,0.0,2022.33,
0604-VICLSAB16O,5,2025-12,0.01,0.04,0.04,0.0,0.2,
0604-VICLSAB16O,30,2025-12,7.22,150.0,150.0,0.0,183.33,
0604-VICLSAB16O,63,2025-12,0.01,0.04,0.04,0.0,0.38,
0604-VICLSAB32O,5,2025-12,0.05,0.5,0.5,0.0,0.25,
0604-VICLSAB32O,30,2025-12,1144.39,578.0,578.0,0.0,310.0,
0604-VICLSAB32O,63,2025-12,0.02,1.23,1.23,0.0,0.81,
0604-VICLSAB8OZ,5,2025-12,0.01,0.08,0.08,0.0,0.48,
0604-VICLSAB8OZ,63,2025-12,0.04,0.08,0.08,0.0,0.16,
0604-VICLSABGAL,5,2025-12,0.01,0.5,0.5,0.0,0.58,
0604-VICLSABGAL,30,2025-12,87.66,350.0,350.0,0.0,383.33,
0604-VICLSABGAL,63,2025-12,0.04,2.25,2.25,0.0,1.83,
0604-VINC32XTRA,30,2025-12,973.21,1092.0,1092.0,0.0,1300.0,988.0
0604-VINCLVALUE,30,2025-12,227.3,1436.0,1436.0,0.0,754.67,
0604-VINGLLIKE,30,2025-12,18.6,432.0,432.0,0.0,216.0,
0604-VINOSABRO8,63,2025-12,0.02,0.04,0.04,0.0,0.13,
0604-VIOSABRO16,63,2025-12,0.06,0.16,0.16,0.0,0.09,
0605-KET1KL,1,2025-12,88.54,158.34,158.34,0.0,228.36,89.19
0605-KET1KL,4,2025-12,7.6,21.33,21.33,0.0,35.54,10.58
0605-KET1KL,5,2025-12,0.06,0.57,0.57,0.0,1.7,
0605-KET1KL,6,2025-12,0.02,0.16,0.16,0.0,0.22,
0605-KET1KL,7,2025-12,0.02,0.41,0.41,0.0,0.8,
0605-KET1KL,9,2025-12,5.98,16.33,16.33,0.0,26.99,6.0
0605-KET1KL,63,2025-12,0.13,0.58,0.58,0.0,1.29,0.41
0605-KET1KL,64,2025-12,0.02,0.08,0.08,0.0,1.64,
0605-KET1KL,65,2025-12,0.13,2.41,2.41,0.0,1.11,0.17
0605-KET405GR,1,2025-12,2.42,21.0,21.0,0.0,104.5,32.0
0605-KET405GR,4,2025-12,0.05,1.0,1.0,0.0,2.67,
0605-KET405GR,5,2025-12,0.02,0.63,0.63,0.0,0.6,
0605-KET405GR,6,2025-12,0.02,0.08,0.08,0.0,0.07,
0605-KET405GR,7,2025-12,0.02,0.04,0.04,0.0,0.11,
0605-KET405GR,9,2025-12,7.27,8.0,8.0,0.0,6.08,3.0
0605-KET405GR,13,2025-12,0.64,13.0,13.0,0.0,12.67,
0605-KET405GR,14,2025-12,1.39,19.0,19.0,0.0,18.67,
0605-KET405GR,63,2025-12,0.01,0.08,0.08,0.0,0.85,0.04
0605-KET405GR,65,2025-12,0.04,0.04,0.04,0.0,0.05,
0605-KET545GRS,1,2025-12,5.23,53.0,0.0,53.0,115.69,
0605-KET545GRS,4,2025-12,0.6,5.0,0.0,5.0,4.73,
0605-KET545GRS,5,2025-12,0.01,0.08,0.08,0.0,0.27,
0605-KET545GRS,7,2025-12,0.14,0.83,0.83,0.0,0.41,
0605-KET545GRS,9,2025-12,0.18,3.06,0.0,3.06,5.39,
0605-KET70OZ,1,2025-12,25.77,238.0,0.0,238.0,296.33,15.0
0605-KET70OZ,4,2025-12,0.17,3.0,0.0,3.0,5.67,
0605-KET70OZ,9,2025-12,0.41,14.0,0.0,14.0,16.0,1.0
0605-KET70OZ,63,2025-12,0.19,2.0,2.0,0.0,1.06,
0605-KETMAYO200,1,2025-12,112.95,140.56,61.75,78.81,146.6,104.99
0605-KETMAYO200,4,2025-12,25.02,29.5,29.5,0.0,35.25,6.75
0605-KETMAYO200,5,2025-12,0.07,2.16,2.16,0.0,1.3,
0605-KETMAYO200,6,2025-12,0.02,0.46,0.46,0.0,0.75,
0605-KETMAYO200,7,2025-12,0.01,0.63,0.63,0.0,1.0,
0605-KETMAYO200,9,2025-12,18.64,28.08,21.0,7.08,30.86,14.23
0605-KETMAYO200,12,2025-12,11.22,111.0,111.0,0.0,69.67,
0605-KETMAYO200,24,2025-12,0.22,0.13,0.13,0.0,0.13,
0605-KETMAYO200,63,2025-12,0.07,0.25,0.25,0.0,0.47,1.12
0605-KETMAYO200,64,2025-12,0.02,0.08,0.08,0.0,0.39,
0605-KETMAYO200,65,2025-12,0.39,0.63,0.63,0.0,0.72,0.17
0701-BASESANCOC,1,2025-12,38.37,122.25,122.25,0.0,234.45,69.0
0701-BASESANCOC,4,2025-12,8.51,24.5,24.5,0.0,42.08,4.75
0701-BASESANCOC,5,2025-12,0.02,0.31,0.31,0.0,0.37,
0701-BASESANCOC,6,2025-12,0.01,0.14,0.14,0.0,0.19,
0701-BASESANCOC,7,2025-12,0.01,0.15,0.15,0.0,0.69,
0701-BASESANCOC,9,2025-12,30.62,55.51,45.75,9.76,75.73,10.0
0701-BASESANCOC,24,2025-12,0.12,0.19,0.19,0.0,0.13,
0701-BASESANCOC,63,2025-12,0.01,0.06,0.06,0.0,0.74,0.1
0701-BASESANCOC,64,2025-12,0.02,0.16,0.16,0.0,0.56,0.23
0701-BASESANCOC,65,2025-12,5.15,1.16,1.16,0.0,0.65,
0701-SOPCOST60G,1,2025-12,30.67,93.5,93.5,0.0,207.66,304.03
0701-SOPCOST60G,4,2025-12,31.21,46.75,46.75,0.0,48.58,53.88
0701-SOPCOST60G,9,2025-12,11.47,24.25,24.25,0.0,34.33,73.01
0701-SOPCOST60G,63,2025-12,0.01,0.06,0.06,0.0,0.44,
0701-SOPCOST60G,64,2025-12,0.24,0.27,0.27,0.0,0.2,
0701-SOPCOST60G,65,2025-12,0.02,0.12,0.12,0.0,0.47,
0708-MONUMENTAL,5,2025-12,0.01,0.01,0.01,0.0,0.04,
0709-AVECHI300G,1,2025-12,30.59,57.25,57.25,0.0,85.83,43.93
0709-AVECHI300G,4,2025-12,2.47,12.0,12.0,0.0,37.17,1.5
0709-AVECHI300G,5,2025-12,0.01,0.5,0.5,0.0,0.77,
0709-AVECHI300G,6,2025-12,0.01,0.2,0.2,0.0,0.51,
0709-AVECHI300G,7,2025-12,0.02,0.41,0.41,0.0,0.53,
0709-AVECHI300G,9,2025-12,6.97,17.0,17.0,0.0,31.42,5.0
0709-AVECHI300G,10,2025-12,0.02,1.29,1.29,0.0,1.1,
0709-AVECHI300G,63,2025-12,0.01,0.08,0.08,0.0,0.61,0.33
0709-AVECHI300G,64,2025-12,0.42,1.67,1.67,0.0,0.69,0.08
0709-AVECHI300G,65,2025-12,1.31,0.84,0.84,0.0,0.6,0.41
0709-AVEH40G/24,1,2025-12,6.78,9.0,9.0,0.0,9.33,1.0
0709-AVEH40G/24,4,2025-12,2.78,7.0,2.0,5.0,9.67,1.0
0709-AVEH40G/24,9,2025-12,2.12,7.0,7.0,0.0,16.33,2.0
0709-AVEH40G/24,64,2025-12,0.02,0.16,0.16,0.0,0.95,
0709-AVEH40G/24,65,2025-12,0.03,0.17,0.17,0.0,0.7,0.71
0709-AVEHO1000G,1,2025-12,31.89,91.83,91.83,0.0,361.96,68.5
0709-AVEHO1000G,4,2025-12,12.86,41.0,41.0,0.0,105.55,10.75
0709-AVEHO1000G,5,2025-12,0.05,0.9,0.9,0.0,1.73,
0709-AVEHO1000G,6,2025-12,0.01,0.24,0.24,0.0,0.6,
0709-AVEHO1000G,7,2025-12,0.01,0.08,0.08,0.0,0.96,
0709-AVEHO1000G,9,2025-12,9.2,31.0,31.0,0.0,73.47,14.0
0709-AVEHO1000G,63,2025-12,0.15,0.74,0.74,0.0,3.02,0.42
0709-AVEHO1000G,64,2025-12,0.17,0.57,0.57,0.0,1.01,0.08
0709-AVEHO1000G,65,2025-12,0.18,0.9,0.9,0.0,2.82,0.08
0709-AVEINT300G,1,2025-12,8.0,20.5,20.5,0.0,36.83,25.12
0709-AVEINT300G,4,2025-12,4.93,14.75,14.75,0.0,28.83,5.36
0709-AVEINT300G,5,2025-12,0.03,0.67,0.67,0.0,1.98,
0709-AVEINT300G,6,2025-12,0.02,1.18,1.18,0.0,0.98,
0709-AVEINT300G,7,2025-12,0.08,2.23,2.23,0.0,1.3,
0709-AVEINT300G,9,2025-12,3.52,8.25,8.25,0.0,14.5,4.5
0709-AVEINT300G,10,2025-12,0.02,1.33,1.33,0.0,1.44,
0709-AVEINT300G,63,2025-12,0.07,0.25,0.25,0.0,0.64,0.13
0709-AVEINT300G,64,2025-12,1.24,1.79,1.79,0.0,1.71,1.21
0709-AVEINT300G,65,2025-12,1.77,1.86,1.86,0.0,2.0,0.21
0709-AVELIN300G,1,2025-12,9.54,26.0,26.0,0.0,51.83,16.25
0709-AVELIN300G,4,2025-12,1.4,6.25,6.25,0.0,28.83,4.75
0709-AVELIN300G,5,2025-12,0.02,0.55,0.55,0.0,1.04,
0709-AVELIN300G,6,2025-12,0.02,0.86,0.86,0.0,0.49,
0709-AVELIN300G,7,2025-12,0.02,1.21,1.21,0.0,0.81,
0709-AVELIN300G,9,2025-12,5.15,15.25,15.25,0.0,27.25,5.0
0709-AVELIN300G,10,2025-12,1.23,2.21,2.21,0.0,1.0,
0709-AVELIN300G,63,2025-12,0.02,0.28,0.28,0.0,2.58,0.08
0709-AVELIN300G,64,2025-12,0.36,1.0,1.0,0.0,1.44,0.54
0709-AVELIN300G,65,2025-12,1.34,2.42,2.42,0.0,2.89,0.82
0709-AVENAHO415,1,2025-12,75.18,122.84,71.84,51.0,161.28,101.83
0709-AVENAHO415,4,2025-12,17.84,40.02,35.0,5.02,60.23,7.0
0709-AVENAHO415,5,2025-12,0.05,0.34,0.34,0.0,0.28,
0709-AVENAHO415,6,2025-12,0.06,3.18,3.18,0.0,2.29,
0709-AVENAHO415,7,2025-12,0.06,1.34,1.34,0.0,3.17,
0709-AVENAHO415,9,2025-12,19.59,45.0,37.0,8.0,76.05,30.49
0709-AVENAHO415,63,2025-12,0.07,2.33,2.33,0.0,2.55,0.17
0709-AVENAHO415,64,2025-12,0.64,1.17,1.17,0.0,1.39,
0709-AVENAHO415,65,2025-12,1.28,1.83,1.83,0.0,2.73,0.5
0709-AVENLIN415,1,2025-12,5.28,29.87,14.83,15.04,21.3,11.17
0709-AVENLIN415,4,2025-12,2.16,10.17,0.0,10.17,7.56,5.0
0709-AVENLIN415,5,2025-12,0.06,1.5,1.5,0.0,2.17,
0709-AVENLIN415,6,2025-12,0.07,3.02,3.02,0.0,2.46,
0709-AVENLIN415,7,2025-12,0.16,3.18,3.18,0.0,5.74,
0709-AVENLIN415,9,2025-12,0.54,7.0,0.0,7.0,11.33,12.0
0709-AVENLIN415,63,2025-12,0.24,0.5,0.5,0.0,0.78,
0709-AVENLIN415,64,2025-12,0.82,2.16,2.16,0.0,3.33,2.34
0709-AVENLIN415,65,2025-12,6.76,3.84,3.84,0.0,2.89,0.17
0709-AVNCHIA415,1,2025-12,4.61,37.51,13.5,24.01,25.34,53.87
0709-AVNCHIA415,4,2025-12,0.16,1.0,0.0,1.0,5.73,5.0
0709-AVNCHIA415,5,2025-12,0.06,1.5,1.5,0.0,1.45,
0709-AVNCHIA415,6,2025-12,0.07,1.67,1.67,0.0,1.67,
0709-AVNCHIA415,7,2025-12,0.1,1.33,1.33,0.0,2.4,
0709-AVNCHIA415,9,2025-12,0.85,9.0,0.0,9.0,13.46,12.1
0709-AVNCHIA415,63,2025-12,1.33,2.16,2.16,0.0,2.17,
0709-AVNCHIA415,64,2025-12,0.79,1.01,1.01,0.0,0.84,0.84
0709-AVNCHIA415,65,2025-12,4.34,4.17,4.17,0.0,3.17,0.17
0711-AVINT300SA,63,2025-12,0.03,0.46,0.46,0.0,0.76,
0901-ECONOSALSA,1,2025-12,34.58,159.0,159.0,0.0,447.67,271.0
0901-ECONOSALSA,4,2025-12,15.15,31.0,31.0,0.0,42.33,19.0
0901-ECONOSALSA,5,2025-12,0.02,0.84,0.84,0.0,0.67,
0901-ECONOSALSA,6,2025-12,0.02,0.06,0.06,0.0,0.1,
0901-ECONOSALSA,7,2025-12,0.02,0.39,0.39,0.0,0.25,
0901-ECONOSALSA,9,2025-12,6.14,21.0,21.0,0.0,44.67,11.0
0901-ECONOSALSA,63,2025-12,0.02,0.73,0.73,0.0,0.85,
0901-PAST350GR,1,2025-12,453.79,759.84,171.0,588.84,897.01,401.75
0901-PAST350GR,4,2025-12,527.48,393.92,82.0,311.92,274.07,58.0
0901-PAST350GR,5,2025-12,0.01,0.16,0.16,0.0,0.81,
0901-PAST350GR,6,2025-12,0.01,0.04,0.04,0.0,0.8,
0901-PAST350GR,7,2025-12,0.46,3.49,3.49,0.0,1.38,
0901-PAST350GR,9,2025-12,169.7,190.89,70.25,120.64,192.13,50.42
0901-PAST350GR,63,2025-12,0.1,0.29,0.29,0.0,0.58,0.16
0901-PAST350GR,64,2025-12,0.02,0.04,0.04,0.0,0.08,
0901-PAST350GR,65,2025-12,0.01,0.08,0.08,0.0,0.62,1.0
0901-PASTA680GR,1,2025-12,30.6,154.89,150.89,4.0,742.79,102.05
0901-PASTA680GR,4,2025-12,195.42,429.62,61.82,367.8,526.1,21.58
0901-PASTA680GR,9,2025-12,17.41,56.49,35.07,21.42,93.28,27.33
0901-PASTA680GR,63,2025-12,0.05,0.12,0.12,0.0,0.88,0.33
0901-PASTA680GR,64,2025-12,0.07,0.29,0.29,0.0,0.17,
0901-PASTA680GR,65,2025-12,0.05,0.62,0.62,0.0,0.31,
0901-SALPAN400G,1,2025-12,28.91,102.5,102.5,0.0,282.58,
0901-SALPAN400G,4,2025-12,27.3,59.25,59.25,0.0,83.08,
0901-SALPAN400G,9,2025-12,18.42,43.75,43.75,0.0,83.71,
0901-SALPAN400G,63,2025-12,0.08,0.33,0.33,0.0,0.97,
0901-SALPAN400G,64,2025-12,0.04,0.13,0.13,0.0,0.21,
0901-SALPAN400G,65,2025-12,0.05,0.16,0.16,0.0,0.27,
0901-SALSAPANGL,1,2025-12,52.9,40.0,30.0,10.0,40.0,46.0
0901-SALSPAG200,5,2025-12,0.07,0.25,0.25,0.0,0.15,
0901-SALSPAG200,7,2025-12,0.02,0.21,0.21,0.0,0.46,
0901-SALSPAG200,13,2025-12,2.28,40.0,40.0,0.0,55.0,
0901-SALSPAG200,14,2025-12,6.39,110.0,110.0,0.0,194.33,110.0
0901-SALSPAG200,30,2025-12,50.35,330.0,330.0,0.0,163.33,
0901-SALSPAG400,1,2025-12,279.68,620.0,604.0,16.0,1072.26,555.75
0901-SALSPAG400,4,2025-12,80.57,115.5,115.5,0.0,126.92,39.04
0901-SALSPAG400,5,2025-12,0.05,0.81,0.81,0.0,1.74,
0901-SALSPAG400,6,2025-12,0.01,0.08,0.08,0.0,0.36,
0901-SALSPAG400,7,2025-12,0.01,0.04,0.04,0.0,0.63,
0901-SALSPAG400,9,2025-12,69.13,150.5,150.5,0.0,237.17,58.25
0901-SALSPAG400,10,2025-12,0.02,0.75,0.75,0.0,0.47,0.46
0901-SALSPAG400,12,2025-12,17.0,160.0,160.0,0.0,106.67,
0901-SALSPAG400,63,2025-12,0.16,0.69,0.69,0.0,2.7,0.53
0901-SALSPAG400,64,2025-12,0.01,0.04,0.04,0.0,0.19,0.08
0901-SALSPAG400,65,2025-12,2.07,1.4,1.4,0.0,0.84,
0901-SASPAHO400,1,2025-12,30.96,111.5,111.5,0.0,262.58,72.75
0901-SASPAHO400,4,2025-12,2.63,13.25,13.25,0.0,35.92,6.75
0901-SASPAHO400,5,2025-12,0.02,1.16,1.16,0.0,0.84,
0901-SASPAHO400,6,2025-12,0.04,0.2,0.2,0.0,0.4,
0901-SASPAHO400,7,2025-12,0.02,0.37,0.37,0.0,0.24,
0901-SASPAHO400,9,2025-12,8.73,26.0,26.0,0.0,46.0,9.04
0901-SASPAHO400,63,2025-12,0.05,0.36,0.36,0.0,1.4,0.45
0901-SASPAHO400,64,2025-12,0.01,0.08,0.08,0.0,0.38,0.08
0901-SASPAHO400,65,2025-12,0.08,0.28,0.28,0.0,0.82,0.17
0901-SPAGQUE400,1,2025-12,65.86,240.75,240.75,0.0,503.59,140.75
0901-SPAGQUE400,4,2025-12,11.87,36.5,36.5,0.0,63.0,7.75
0901-SPAGQUE400,5,2025-12,0.02,0.57,0.57,0.0,0.7,
0901-SPAGQUE400,6,2025-12,0.01,0.2,0.2,0.0,0.3,
0901-SPAGQUE400,7,2025-12,0.01,0.17,0.17,0.0,0.41,
0901-SPAGQUE400,9,2025-12,11.66,36.25,36.25,0.0,66.92,18.25
0901-SPAGQUE400,63,2025-12,0.04,0.37,0.37,0.0,3.88,0.21
0901-SPAGQUE400,64,2025-12,0.02,0.08,0.08,0.0,0.23,0.04
0901-SPAGQUE400,65,2025-12,1.44,1.2,1.2,0.0,1.05,0.16
0907-HONG113LIK,30,2025-12,63.31,420.0,420.0,0.0,340.0,180.0
0907-ITA113LIKE,30,2025-12,91.7,480.0,480.0,0.0,320.0,240.0
0907-PAN113LIKE,30,2025-12,168.06,300.0,300.0,0.0,500.0,
0907-PAS113LIKE,30,2025-12,53.19,120.0,120.0,0.0,540.0,
0907-PASTAVALUE,30,2025-12,52.17,769.0,769.0,0.0,505.0,
0907-RAN113LIKE,30,2025-12,137.21,240.0,240.0,0.0,300.0,480.0
0907-SPALIKE400,30,2025-12,258.53,300.0,300.0,0.0,266.67,
102-DOC,1,2025-12,164.09,315.0,315.0,0.0,418.0,1240.0
102-DOC,4,2025-12,17.65,38.0,38.0,0.0,73.33,32.0
102-DOC,5,2025-12,0.1,1.07,1.07,0.0,3.62,
102-DOC,6,2025-12,0.12,0.67,0.67,0.0,0.63,
102-DOC,7,2025-12,0.02,1.58,1.58,0.0,1.16,
102-DOC,9,2025-12,35.4,95.0,95.0,0.0,161.0,266.0
102-DOC,10,2025-12,0.01,0.17,0.17,0.0,1.11,
102-DOC,63,2025-12,0.15,1.08,1.08,0.0,3.73,1.65
102-DOC,64,2025-12,0.81,1.26,1.26,0.0,2.06,
102-DOC,65,2025-12,1.67,2.32,2.32,0.0,3.21,0.08
102-LBS,1,2025-12,0.71,8.0,8.0,0.0,7.67,18.0
102-LBS,4,2025-12,10.23,27.0,21.0,6.0,52.67,40.0
102-LBS,7,2025-12,0.73,10.0,10.0,0.0,5.0,
102-LBS,9,2025-12,5.0,15.0,15.0,0.0,37.67,92.0
102A-LBS,1,2025-12,4.06,2.0,2.0,0.0,1.33,12.0
102A-LBS,4,2025-12,3.02,22.0,22.0,0.0,75.0,63.0
102A-LBS,9,2025-12,0.2,2.0,2.0,0.0,14.33,24.0
103-LBS,9,2025-12,0.12,1.0,1.0,0.0,6.67,18.0
104-175G,1,2025-12,32.39,74.33,74.33,0.0,166.14,101.5
104-175G,4,2025-12,7.24,18.0,18.0,0.0,33.5,8.75
104-175G,5,2025-12,0.05,1.24,1.24,0.0,3.3,
104-175G,6,2025-12,0.14,3.05,3.05,0.0,1.68,
104-175G,7,2025-12,0.01,0.08,0.08,0.0,0.61,
104-175G,9,2025-12,3.32,9.0,9.0,0.0,15.09,5.0
104-175G,63,2025-12,0.01,0.98,0.98,0.0,1.1,
104-175G,64,2025-12,0.02,0.74,0.74,0.0,0.8,0.08
104-175G,65,2025-12,0.32,0.58,0.58,0.0,0.83,
104-DOC,1,2025-12,87.32,967.0,0.0,967.0,933.0,
104-DOC,4,2025-12,6.52,109.0,3.0,106.0,125.67,
104-DOC,5,2025-12,0.36,8.16,8.16,0.0,12.66,
104-DOC,6,2025-12,0.48,11.48,11.48,0.0,15.07,
104-DOC,7,2025-12,0.19,4.84,4.84,0.0,4.05,
104-DOC,9,2025-12,3.38,28.0,7.0,21.0,81.0,
104-DOC,63,2025-12,1.31,1.74,1.74,0.0,0.86,2.58
104-DOC,64,2025-12,0.26,0.25,0.25,0.0,0.52,0.08
104-DOC,65,2025-12,0.01,0.08,0.08,0.0,1.33,0.42
104-FCO-1,1,2025-12,6.3,108.0,0.0,108.0,106.33,
104-FCO-1,4,2025-12,0.11,1.0,1.0,0.0,1.67,
104-FCO-1,5,2025-12,0.02,1.07,1.07,0.0,0.66,
104-FCO-1,6,2025-12,0.02,0.08,0.08,0.0,0.13,
104-FCO-1,7,2025-12,0.01,0.33,0.33,0.0,0.72,
104-FCO-1,9,2025-12,0.06,2.0,0.0,2.0,4.0,
104-FCO-1,63,2025-12,0.01,0.08,0.08,0.0,0.67,
104-LBS,1,2025-12,1.14,3.0,3.0,0.0,4.67,5.0
104-LBS,4,2025-12,0.21,1.0,1.0,0.0,4.67,1.0
104-LBS,9,2025-12,0.5,1.0,1.0,0.0,1.33,
105-200 GR,1,2025-12,877.47,1368.0,1368.0,0.0,1565.12,657.92
105-200 GR,4,2025-12,214.6,213.42,213.42,0.0,178.86,42.17
105-200 GR,5,2025-12,0.01,0.08,0.08,0.0,1.43,
105-200 GR,6,2025-12,0.06,0.32,0.32,0.0,0.24,
105-200 GR,7,2025-12,0.02,0.17,0.17,0.0,0.16,
105-200 GR,9,2025-12,35.04,95.83,95.83,0.0,193.04,72.66
105-200 GR,63,2025-12,0.08,0.41,0.41,0.0,1.15,0.24
105-200 GR,64,2025-12,0.39,0.25,0.25,0.0,0.19,0.24
105-200 GR,65,2025-12,2.63,1.41,1.41,0.0,0.94,
105-LBS,1,2025-12,45.23,25.0,25.0,0.0,17.67,35.0
105-LBS,4,2025-12,71.94,24.0,24.0,0.0,13.33,12.0
105-LBS,9,2025-12,0.72,5.0,3.0,2.0,2.67,
106-200GR,1,2025-12,137.83,188.58,188.58,0.0,210.12,158.42
106-200GR,4,2025-12,16.97,36.08,36.08,0.0,52.58,41.83
106-200GR,5,2025-12,0.12,2.55,2.55,0.0,3.2,
106-200GR,6,2025-12,0.03,1.08,1.08,0.0,0.93,
106-200GR,7,2025-12,0.03,0.57,0.57,0.0,1.48,
106-200GR,9,2025-12,5.06,21.33,21.33,0.0,58.17,38.64
106-200GR,63,2025-12,0.24,1.34,1.34,0.0,4.45,0.24
106-200GR,64,2025-12,0.07,0.5,0.5,0.0,2.4,0.16
106-200GR,65,2025-12,0.74,1.91,1.91,0.0,2.68,0.66
106-BOL-100,1,2025-12,124.64,285.0,285.0,0.0,427.0,554.0
106-BOL-100,4,2025-12,46.06,40.0,40.0,0.0,41.0,14.0
106-BOL-100,5,2025-12,0.01,0.37,0.37,0.0,0.51,
106-BOL-100,6,2025-12,0.01,0.05,0.05,0.0,0.05,
106-BOL-100,7,2025-12,0.01,0.04,0.04,0.0,0.07,
106-BOL-100,9,2025-12,18.56,43.0,43.0,0.0,68.67,26.0
106-BOL-100,63,2025-12,0.07,0.33,0.33,0.0,1.08,0.01
106-BOL-100,64,2025-12,0.08,0.11,0.11,0.0,0.08,
106-BOL-100,65,2025-12,0.01,0.03,0.03,0.0,0.16,
106-DOC,1,2025-12,804.95,1695.0,1695.0,0.0,2518.33,2092.0
106-DOC,4,2025-12,321.47,544.0,544.0,0.0,670.33,503.0
106-DOC,5,2025-12,0.22,3.31,3.31,0.0,6.8,
106-DOC,6,2025-12,0.22,8.0,8.0,0.0,9.01,
106-DOC,7,2025-12,0.06,0.41,0.41,0.0,3.68,
106-DOC,9,2025-12,139.84,373.0,373.0,0.0,689.33,220.0
106-DOC,63,2025-12,0.77,4.22,4.22,0.0,13.22,2.82
106-DOC,64,2025-12,1.14,4.14,4.14,0.0,9.16,1.0
106-DOC,65,2025-12,6.04,7.9,7.9,0.0,9.62,2.41
106-FCO-1,1,2025-12,141.58,197.0,197.0,0.0,209.5,95.0
106-FCO-1,4,2025-12,28.69,44.0,44.0,0.0,52.33,10.0
106-FCO-1,5,2025-12,0.04,0.57,0.57,0.0,1.16,
106-FCO-1,6,2025-12,0.01,0.33,0.33,0.0,0.77,
106-FCO-1,7,2025-12,0.06,0.83,0.83,0.0,0.66,
106-FCO-1,9,2025-12,10.23,29.0,29.0,0.0,50.33,13.0
106-FCO-1,12,2025-12,3.22,30.0,30.0,0.0,28.33,
106-FCO-1,63,2025-12,0.01,0.08,0.08,0.0,0.88,
106-FCO-1,64,2025-12,0.85,0.66,0.66,0.0,0.5,
106-FCO-1,65,2025-12,0.39,1.25,1.25,0.0,2.06,
106-LBS,1,2025-12,174.46,279.0,279.0,0.0,378.0,72.0
106-LBS,4,2025-12,96.53,150.0,150.0,0.0,161.0,153.0
106-LBS,5,2025-12,0.72,5.0,5.0,0.0,2.33,
106-LBS,6,2025-12,0.08,3.0,3.0,0.0,2.33,
106-LBS,9,2025-12,48.05,124.0,124.0,0.0,231.67,99.0
106-LBS,64,2025-12,0.1,1.0,1.0,0.0,5.0,
106-LBS,65,2025-12,0.25,1.0,1.0,0.0,2.67,
107-175G,1,2025-12,159.25,198.5,198.5,0.0,211.11,615.96
107-175G,4,2025-12,38.79,51.0,51.0,0.0,51.42,70.41
107-175G,5,2025-12,0.04,0.82,0.82,0.0,1.14,
107-175G,6,2025-12,0.01,0.25,0.25,0.0,1.02,
107-175G,7,2025-12,0.01,0.17,0.17,0.0,0.58,
107-175G,9,2025-12,29.98,50.76,28.33,22.43,58.98,130.06
107-175G,63,2025-12,0.02,0.08,0.08,0.0,1.68,0.16
107-175G,64,2025-12,0.02,0.08,0.08,0.0,0.22,0.08
107-175G,65,2025-12,0.2,0.57,0.57,0.0,0.96,0.08
107-175GRS,1,2025-12,185.9,304.33,304.33,0.0,366.39,240.84
107-175GRS,4,2025-12,52.65,74.25,74.25,0.0,77.05,33.58
107-175GRS,5,2025-12,0.03,0.08,0.08,0.0,2.73,
107-175GRS,6,2025-12,0.02,0.57,0.57,0.0,0.6,
107-175GRS,7,2025-12,0.09,2.41,2.41,0.0,1.55,
107-175GRS,9,2025-12,36.3,88.16,88.16,0.0,140.75,78.75
107-175GRS,63,2025-12,0.04,0.4,0.4,0.0,3.88,1.14
107-175GRS,64,2025-12,1.53,1.33,1.33,0.0,1.16,0.08
107-175GRS,65,2025-12,0.47,1.32,1.32,0.0,1.99,0.16
108-LBS,1,2025-12,5.74,29.0,24.0,5.0,101.67,39.0
108-LBS,4,2025-12,15.87,33.0,17.0,16.0,49.33,38.0
108-LBS,5,2025-12,0.02,1.0,1.0,0.0,1.0,
108-LBS,6,2025-12,0.06,1.0,1.0,0.0,1.33,
108-LBS,9,2025-12,34.92,30.0,30.0,0.0,31.67,1.0
108-LBS,13,2025-12,3.68,60.0,60.0,0.0,136.67,
108-LBS,30,2025-12,13.23,90.0,90.0,0.0,46.67,
109-DOC,1,2025-12,161.16,350.0,350.0,0.0,477.33,210.0
109-DOC,4,2025-12,56.89,93.0,93.0,0.0,102.67,25.0
109-DOC,5,2025-12,0.1,1.0,1.0,0.0,2.6,
109-DOC,6,2025-12,0.13,1.08,1.08,0.0,0.92,
109-DOC,7,2025-12,0.03,0.5,0.5,0.0,1.66,
109-DOC,9,2025-12,26.35,85.0,85.0,0.0,170.33,31.0
109-DOC,10,2025-12,0.04,0.92,0.92,0.0,0.75,
109-DOC,63,2025-12,0.4,2.23,2.23,0.0,5.57,1.41
109-DOC,64,2025-12,0.53,1.08,1.08,0.0,1.16,
109-DOC,65,2025-12,15.66,3.92,3.92,0.0,1.88,1.25
109-LBS,1,2025-12,3.62,21.0,21.0,0.0,77.33,29.0
109-LBS,4,2025-12,8.31,18.0,18.0,0.0,24.67,8.0
109-LBS,9,2025-12,113.6,67.0,67.0,0.0,50.67,6.0
109-LBS,65,2025-12,15.12,4.0,4.0,0.0,2.33,
110-BOL-40,1,2025-12,91.35,233.0,233.0,0.0,425.0,512.0
110-BOL-40,4,2025-12,50.44,45.0,45.0,0.0,41.67,6.0
110-BOL-40,5,2025-12,0.02,0.4,0.4,0.0,0.46,
110-BOL-40,6,2025-12,0.01,0.02,0.02,0.0,0.03,
110-BOL-40,7,2025-12,0.02,0.13,0.13,0.0,0.12,
110-BOL-40,9,2025-12,25.18,55.0,55.0,0.0,84.0,53.0
110-BOL-40,63,2025-12,0.01,0.1,0.1,0.0,1.08,0.51
110-BOL-40,64,2025-12,0.01,0.02,0.02,0.0,0.04,
110-BOL-40,65,2025-12,0.01,0.09,0.09,0.0,0.44,0.01
110-BOL-SC,1,2025-12,103.06,297.0,297.0,0.0,566.67,621.0
110-BOL-SC,4,2025-12,75.82,77.0,77.0,0.0,79.0,22.0
110-BOL-SC,5,2025-12,0.01,0.2,0.2,0.0,0.3,
110-BOL-SC,6,2025-12,0.01,0.03,0.03,0.0,0.03,
110-BOL-SC,7,2025-12,0.01,0.01,0.01,0.0,0.36,
110-BOL-SC,9,2025-12,27.79,68.0,68.0,0.0,114.33,20.0
110-BOL-SC,63,2025-12,0.01,0.05,0.05,0.0,0.58,0.04
110-BOL-SC,64,2025-12,0.03,0.05,0.05,0.0,0.05,
110-BOL-SC,65,2025-12,0.01,0.02,0.02,0.0,0.04,
111-DOC,1,2025-12,34.54,313.0,0.0,313.0,473.0,
111-DOC,4,2025-12,3.22,38.0,0.0,38.0,69.33,
111-DOC,5,2025-12,0.19,3.56,3.56,0.0,4.89,
111-DOC,6,2025-12,0.2,4.76,4.76,0.0,9.44,
111-DOC,7,2025-12,0.78,6.75,6.75,0.0,4.17,
111-DOC,9,2025-12,1.58,23.0,1.0,22.0,45.33,
111-DOC,63,2025-12,0.05,0.17,0.17,0.0,0.36,3.75
111-DOC,64,2025-12,9.6,3.91,3.91,0.0,1.91,3.17
111-DOC,65,2025-12,0.39,0.83,0.83,0.0,1.11,2.25
111-LBS,1,2025-12,3.41,46.0,0.0,46.0,48.67,25.0
111-LBS,4,2025-12,0.12,4.0,0.0,4.0,16.67,
112-200GR,1,2025-12,100.35,285.9,210.5,75.4,510.47,290.5
112-200GR,4,2025-12,27.69,56.58,56.58,0.0,92.22,31.65
112-200GR,5,2025-12,0.09,4.99,4.99,0.0,4.58,
112-200GR,6,2025-12,0.02,1.08,1.08,0.0,1.1,
112-200GR,7,2025-12,0.02,0.25,0.25,0.0,0.33,
112-200GR,9,2025-12,35.89,69.86,57.75,12.11,97.73,81.66
112-200GR,63,2025-12,0.03,0.24,0.24,0.0,2.08,0.48
112-200GR,64,2025-12,0.02,0.08,0.08,0.0,0.24,0.24
112-200GR,65,2025-12,0.66,1.32,1.32,0.0,1.71,1.0
112-BOL-40,1,2025-12,60.99,93.0,32.0,61.0,101.33,88.0
112-BOL-40,4,2025-12,5.87,12.0,12.0,0.0,18.0,2.0
112-BOL-40,5,2025-12,0.02,0.35,0.35,0.0,0.7,
112-BOL-40,6,2025-12,0.02,0.03,0.03,0.0,0.02,
112-BOL-40,7,2025-12,0.41,0.89,0.89,0.0,0.31,
112-BOL-40,9,2025-12,3.85,9.0,9.0,0.0,15.0,6.0
112-BOL-40,63,2025-12,0.01,0.02,0.02,0.0,0.71,0.02
112-BOL-40,64,2025-12,0.01,0.01,0.01,0.0,0.02,
112-BOL-40,65,2025-12,2.65,0.16,0.16,0.0,0.11,
112-LBS,1,2025-12,240.9,591.0,591.0,0.0,1227.0,275.0
112-LBS,4,2025-12,113.33,303.0,303.0,0.0,507.33,151.0
112-LBS,5,2025-12,0.23,2.0,2.0,0.0,2.0,
112-LBS,6,2025-12,0.04,2.0,2.0,0.0,3.67,
112-LBS,9,2025-12,42.15,128.0,128.0,0.0,272.33,65.0
112-LBS,64,2025-12,0.34,1.0,1.0,0.0,2.67,
114-LBS,1,2025-12,113.92,215.0,215.0,0.0,305.33,77.0
114-LBS,4,2025-12,88.96,209.0,209.0,0.0,340.33,160.0
114-LBS,5,2025-12,0.07,2.0,2.0,0.0,1.33,
114-LBS,6,2025-12,0.16,1.0,1.0,0.0,4.67,
114-LBS,9,2025-12,22.55,61.0,61.0,0.0,138.0,106.0
115-DOC,1,2025-12,2009.76,2636.0,2636.0,0.0,3582.67,1227.0
115-DOC,4,2025-12,222.04,430.0,430.0,0.0,599.67,274.0
115-DOC,5,2025-12,0.13,2.49,2.49,0.0,2.87,
115-DOC,6,2025-12,0.02,0.42,0.42,0.0,0.33,
115-DOC,7,2025-12,0.04,1.0,1.0,0.0,0.63,
115-DOC,9,2025-12,221.9,500.0,500.0,0.0,802.33,323.0
115-DOC,63,2025-12,0.24,1.73,1.73,0.0,6.82,0.41
115-DOC,64,2025-12,0.51,0.5,0.5,0.0,0.77,
115-DOC,65,2025-12,0.96,1.49,1.49,0.0,1.76,
115-FCO-1,5,2025-12,0.01,0.08,0.08,0.0,0.53,
115-FCO-1,7,2025-12,0.06,0.67,0.67,0.0,0.5,
115-LBS,1,2025-12,11.91,45.0,45.0,0.0,87.0,27.0
115-LBS,4,2025-12,0.7,6.0,6.0,0.0,24.33,21.0
115-LBS,9,2025-12,2.26,14.0,14.0,0.0,62.67,5.0
116-DOC,1,2025-12,883.44,1557.0,1557.0,0.0,1948.36,931.0
116-DOC,4,2025-12,216.2,411.0,411.0,0.0,519.33,216.0
116-DOC,5,2025-12,0.1,1.07,1.07,0.0,4.36,
116-DOC,6,2025-12,0.07,1.23,1.23,0.0,0.85,
116-DOC,7,2025-12,0.04,0.32,0.32,0.0,3.15,
116-DOC,9,2025-12,129.55,284.0,284.0,0.0,456.0,198.0
116-DOC,63,2025-12,0.2,1.15,1.15,0.0,4.01,0.24
116-DOC,64,2025-12,0.34,0.91,0.91,0.0,1.16,
116-DOC,65,2025-12,0.26,0.73,0.73,0.0,1.15,0.16
116-FCO-1,1,2025-12,62.06,99.0,94.0,5.0,111.33,119.0
116-FCO-1,4,2025-12,2.92,8.0,8.0,0.0,11.67,6.0
116-FCO-1,5,2025-12,0.04,0.41,0.41,0.0,0.63,
116-FCO-1,6,2025-12,0.01,0.25,0.25,0.0,0.42,
116-FCO-1,7,2025-12,0.01,0.08,0.08,0.0,0.36,
116-FCO-1,9,2025-12,4.64,8.0,8.0,0.0,10.33,1.0
116-FCO-1,12,2025-12,2.27,30.0,30.0,0.0,25.0,
116-FCO-1,63,2025-12,0.12,0.58,0.58,0.0,1.52,
116-FCO-1,64,2025-12,0.44,0.67,0.67,0.0,0.61,
116-FCO-1,65,2025-12,0.2,0.25,0.25,0.0,0.22,
116-LBS1,1,2025-12,40.01,104.0,104.0,0.0,261.0,77.0
116-LBS1,4,2025-12,13.54,32.0,32.0,0.0,62.67,13.0
116-LBS1,5,2025-12,0.06,1.0,1.0,0.0,1.67,
116-LBS1,6,2025-12,0.05,1.0,1.0,0.0,1.0,
116-LBS1,7,2025-12,0.07,2.0,2.0,0.0,2.0,
116-LBS1,9,2025-12,26.9,53.0,53.0,0.0,68.67,15.0
116-LBS1,13,2025-12,6.79,90.0,90.0,0.0,96.67,
116-LBS1,30,2025-12,133.96,440.0,440.0,0.0,356.67,
117-LBS,1,2025-12,16.55,56.0,25.0,31.0,150.33,15.0
117-LBS,4,2025-12,16.35,23.0,10.0,13.0,20.33,4.0
117-LBS,5,2025-12,0.25,2.0,2.0,0.0,2.33,
117-LBS,9,2025-12,0.35,3.0,3.0,0.0,15.0,16.0
118-DOC,1,2025-12,5071.87,3866.0,3866.0,0.0,3064.67,1467.0
118-DOC,4,2025-12,271.46,441.0,441.0,0.0,525.33,195.0
118-DOC,5,2025-12,0.1,0.9,0.9,0.0,1.11,
118-DOC,6,2025-12,0.01,0.08,0.08,0.0,0.16,
118-DOC,7,2025-12,0.02,0.16,0.16,0.0,1.63,
118-DOC,9,2025-12,146.43,405.0,405.0,0.0,760.0,1719.0
118-DOC,10,2025-12,2.78,43.0,43.0,0.0,84.47,
118-DOC,63,2025-12,0.04,0.33,0.33,0.0,1.7,0.58
118-DOC,64,2025-12,0.04,0.16,0.16,0.0,0.43,
118-DOC,65,2025-12,0.45,1.74,1.74,0.0,3.07,
118-DOC1,1,2025-12,762.49,589.0,589.0,0.0,505.67,1172.0
118-DOC1,4,2025-12,119.73,99.0,99.0,0.0,72.67,62.0
118-DOC1,5,2025-12,0.26,2.25,2.25,0.0,3.47,
118-DOC1,6,2025-12,0.07,0.42,0.42,0.0,0.19,
118-DOC1,7,2025-12,0.02,0.91,0.91,0.0,0.91,
118-DOC1,9,2025-12,10.75,30.0,30.0,0.0,56.33,268.0
118-DOC1,63,2025-12,1.09,2.67,2.67,0.0,3.39,0.58
118-DOC1,64,2025-12,25.59,6.5,6.5,0.0,2.86,
118-DOC1,65,2025-12,8.24,5.81,5.81,0.0,4.87,
118-FCO-1,1,2025-12,1.56,3.0,3.0,0.0,193.0,378.0
118-FCO-1,4,2025-12,0.36,1.0,1.0,0.0,2.67,
118-FCO-1,5,2025-12,0.01,0.08,0.08,0.0,0.11,
118-FCO-1,7,2025-12,0.14,0.83,0.83,0.0,0.52,
118-FCO-1,9,2025-12,4.56,3.0,3.0,0.0,3.33,
118-FCO-1,65,2025-12,0.2,0.25,0.25,0.0,0.44,
118-LBS,1,2025-12,32.02,16.0,10.0,6.0,10.0,1.0
118-LBS,4,2025-12,0.37,1.0,0.0,1.0,6.33,5.0
118-LBS,9,2025-12,5.98,6.0,5.0,1.0,5.0,4.0
119-LBS,1,2025-12,18.04,14.0,13.0,1.0,12.33,5.0
119-LBS,4,2025-12,73.2,33.0,17.0,16.0,17.33,12.0
119-LBS,9,2025-12,33.4,8.0,8.0,0.0,3.67,5.0
12-LBS,1,2025-12,46.53,29.0,29.0,0.0,24.33,21.0
12-LBS,4,2025-12,295.77,19.0,19.0,0.0,9.0,31.0
12-LBS,9,2025-12,36.24,6.0,6.0,0.0,5.0,6.0
120- LBS,1,2025-12,74.51,97.0,97.0,0.0,142.67,17.0
120- LBS,4,2025-12,3.83,10.0,9.0,1.0,13.0,
120- LBS,5,2025-12,0.03,1.0,1.0,0.0,1.33,
120- LBS,9,2025-12,0.71,5.0,5.0,0.0,3.0,18.0
120--DOC,1,2025-12,455.83,869.0,869.0,0.0,1224.67,753.0
120--DOC,4,2025-12,57.18,115.0,115.0,0.0,179.0,118.0
120--DOC,5,2025-12,0.01,0.08,0.08,0.0,1.07,
120--DOC,6,2025-12,0.04,1.0,1.0,0.0,1.22,
120--DOC,7,2025-12,0.02,0.16,0.16,0.0,0.19,
120--DOC,9,2025-12,57.65,140.0,140.0,0.0,230.0,45.0
120--DOC,63,2025-12,0.04,0.33,0.33,0.0,4.05,
120--DOC,64,2025-12,0.04,0.16,0.16,0.0,0.44,
120--DOC,65,2025-12,1.99,0.9,0.9,0.0,0.52,0.42
120-DOC,1,2025-12,291.22,553.0,553.0,0.0,748.67,331.0
120-DOC,4,2025-12,8.85,26.0,26.0,0.0,61.0,21.0
120-DOC,5,2025-12,0.07,1.99,1.99,0.0,2.56,
120-DOC,6,2025-12,0.06,2.59,2.59,0.0,3.14,
120-DOC,7,2025-12,0.1,1.25,1.25,0.0,1.55,
120-DOC,9,2025-12,10.72,29.0,29.0,0.0,57.67,21.0
120-DOC,63,2025-12,1.07,3.66,3.66,0.0,7.86,0.58
120-DOC,64,2025-12,0.61,1.25,1.25,0.0,2.52,
120-DOC,65,2025-12,3.4,2.42,2.42,0.0,2.25,0.08
120-FCO-1,1,2025-12,62.13,68.0,39.0,29.0,59.67,30.0
120-FCO-1,4,2025-12,0.09,5.0,3.0,2.0,5.0,
120-FCO-1,5,2025-12,0.02,0.33,0.33,0.0,0.25,
120-FCO-1,9,2025-12,0.06,2.0,2.0,0.0,3.33,2.0
120-FCO-1,63,2025-12,0.08,0.16,0.16,0.0,0.3,0.17
1203-CACOMCUEPA,13,2025-12,0.02,1.0,1.0,0.0,1.0,
1203-CACOMCUEPA,14,2025-12,0.07,3.0,3.0,0.0,3.0,
1203-CACOMCUEPA,30,2025-12,1.35,22.0,22.0,0.0,15.67,
1203-CARTSAZCOM,5,2025-12,0.06,1.4,1.4,0.0,1.85,
1203-CARTSAZCOM,13,2025-12,2.52,30.0,30.0,0.0,21.0,
1203-CARTSAZCOM,14,2025-12,8.16,100.0,100.0,0.0,60.0,
1203-CARTSAZCOM,30,2025-12,167.22,200.0,200.0,0.0,163.0,21.0
1203C-AJO,5,2025-12,0.07,1.25,1.25,0.0,1.12,
1203C-AJO,7,2025-12,0.01,0.05,0.05,0.0,0.07,
1203C-AJO,13,2025-12,0.18,7.0,7.0,0.0,6.33,
1203C-AJO,14,2025-12,5.94,30.0,30.0,0.0,26.33,
1203C-AJO,30,2025-12,1.27,21.0,21.0,0.0,21.0,
121-200GR,1,2025-12,83.17,145.5,127.5,18.0,182.97,522.65
121-200GR,4,2025-12,15.78,30.5,30.5,0.0,41.33,12.0
121-200GR,5,2025-12,0.03,0.84,0.84,0.0,1.65,
121-200GR,6,2025-12,0.07,0.67,0.67,0.0,0.5,
121-200GR,7,2025-12,0.02,0.66,0.66,0.0,0.88,
121-200GR,9,2025-12,3.38,8.4,3.33,5.07,12.33,1.0
121-200GR,63,2025-12,0.01,0.16,0.16,0.0,1.32,0.16
121-200GR,64,2025-12,0.09,0.25,0.25,0.0,0.35,0.08
121-200GR,65,2025-12,0.13,0.5,0.5,0.0,0.88,
121-45,1,2025-12,504.41,772.0,772.0,0.0,935.33,592.0
121-45,4,2025-12,50.01,108.0,108.0,0.0,185.33,89.0
121-45,5,2025-12,0.03,0.91,0.91,0.0,0.79,
121-45,6,2025-12,0.02,0.08,0.08,0.0,0.08,
121-45,7,2025-12,0.02,0.66,0.66,0.0,0.72,
121-45,9,2025-12,19.17,42.0,42.0,0.0,69.67,31.0
121-45,63,2025-12,0.04,0.16,0.16,0.0,0.9,0.08
121-45,64,2025-12,0.24,0.49,0.49,0.0,0.52,
121-45,65,2025-12,0.01,0.08,0.08,0.0,0.61,
121-FCO-1,1,2025-12,72.74,86.0,86.0,0.0,143.33,59.0
121-FCO-1,4,2025-12,1.82,7.0,7.0,0.0,19.0,6.0
121-FCO-1,5,2025-12,0.01,0.16,0.16,0.0,0.24,
121-FCO-1,6,2025-12,0.01,0.08,0.08,0.0,0.41,
121-FCO-1,7,2025-12,0.01,0.08,0.08,0.0,0.53,
121-FCO-1,9,2025-12,0.62,2.0,2.0,0.0,3.67,1.0
121-FCO-1,12,2025-12,1.62,25.0,25.0,0.0,21.67,
121-FCO-1,63,2025-12,0.71,0.58,0.58,0.0,0.55,
121-FCO-1,64,2025-12,0.09,0.25,0.25,0.0,0.42,
121-FCO-1,65,2025-12,0.01,0.08,0.08,0.0,0.36,
121-LBS,1,2025-12,44.28,85.0,85.0,0.0,95.33,2.0
121-LBS,4,2025-12,52.84,188.0,188.0,0.0,431.0,86.0
121-LBS,5,2025-12,0.05,1.0,1.0,0.0,1.67,
121-LBS,6,2025-12,0.42,3.0,3.0,0.0,2.0,
121-LBS,9,2025-12,8.85,18.0,18.0,0.0,27.67,5.0
121-LBS,64,2025-12,0.22,1.0,1.0,0.0,2.33,
122-LBS,1,2025-12,46.43,71.0,71.0,0.0,99.33,24.0
122-LBS,4,2025-12,10.7,52.0,52.0,0.0,124.0,125.0
122-LBS,5,2025-12,0.02,1.0,1.0,0.0,1.0,
122-LBS,6,2025-12,1.52,11.0,11.0,0.0,5.0,
122-LBS,7,2025-12,0.07,2.0,2.0,0.0,2.0,
122-LBS,9,2025-12,3.69,11.0,11.0,0.0,24.33,2.0
123-200 GR,1,2025-12,99.76,165.92,165.92,0.0,196.28,278.13
123-200 GR,4,2025-12,56.97,70.08,63.08,7.0,61.92,31.81
123-200 GR,5,2025-12,0.04,1.4,1.4,0.0,3.61,
123-200 GR,6,2025-12,0.02,0.24,0.24,0.0,0.19,
123-200 GR,7,2025-12,0.04,0.74,0.74,0.0,0.44,
123-200 GR,9,2025-12,20.03,27.75,27.75,0.0,32.64,17.75
123-200 GR,63,2025-12,0.2,0.89,0.89,0.0,2.49,0.83
123-200 GR,64,2025-12,4.28,1.15,1.15,0.0,0.55,0.08
123-200 GR,65,2025-12,0.97,0.74,0.74,0.0,0.65,0.08
123-DOC,1,2025-12,214.1,392.0,392.0,0.0,533.33,349.0
123-DOC,4,2025-12,14.4,39.0,39.0,0.0,82.33,144.0
123-DOC,5,2025-12,0.02,0.08,0.08,0.0,1.38,
123-DOC,6,2025-12,0.07,2.49,2.49,0.0,2.19,
123-DOC,7,2025-12,0.1,1.24,1.24,0.0,1.72,
123-DOC,9,2025-12,29.0,59.0,59.0,0.0,84.03,43.0
123-DOC,63,2025-12,0.18,1.07,1.07,0.0,3.89,0.99
123-DOC,64,2025-12,0.07,0.5,0.5,0.0,2.3,
123-DOC,65,2025-12,0.16,0.83,0.83,0.0,2.97,0.91
124-DOC,1,2025-12,395.73,823.0,716.0,107.0,1868.67,653.0
124-DOC,4,2025-12,110.38,266.0,236.0,30.0,528.0,192.0
124-DOC,5,2025-12,0.02,0.56,0.56,0.0,0.44,
124-DOC,6,2025-12,0.02,0.08,0.08,0.0,0.27,
124-DOC,7,2025-12,0.02,0.83,0.83,0.0,0.58,
124-DOC,9,2025-12,56.83,205.0,205.0,0.0,608.0,176.0
124-DOC,63,2025-12,0.04,0.73,0.73,0.0,0.51,0.16
124-DOC,64,2025-12,0.04,0.08,0.08,0.0,0.24,0.42
124-DOC,65,2025-12,0.02,0.16,0.16,0.0,0.58,
124-LBS,1,2025-12,60.9,72.0,62.0,10.0,62.67,4.0
124-LBS,4,2025-12,0.84,2.0,2.0,0.0,6.0,1.0
124-LBS,9,2025-12,0.48,3.0,3.0,0.0,25.0,2.0
125-DOC,1,2025-12,340.29,587.0,587.0,0.0,721.33,670.0
125-DOC,4,2025-12,180.39,135.0,135.0,0.0,103.33,225.0
125-DOC,5,2025-12,0.16,2.32,2.32,0.0,4.16,
125-DOC,6,2025-12,0.15,3.25,3.25,0.0,3.44,
125-DOC,7,2025-12,0.13,1.33,1.33,0.0,1.94,
125-DOC,9,2025-12,24.46,47.0,47.0,0.0,72.0,63.0
125-DOC,63,2025-12,1.23,3.17,3.17,0.0,4.98,5.99
125-DOC,64,2025-12,0.21,1.17,1.17,0.0,3.28,2.5
125-DOC,65,2025-12,3.34,5.17,5.17,0.0,6.13,0.5
125-FCO-1,1,2025-12,11.27,52.0,24.0,28.0,113.0,150.0
125-FCO-1,4,2025-12,66.99,21.0,3.0,18.0,9.67,
125-FCO-1,5,2025-12,0.02,0.16,0.16,0.0,0.22,
125-FCO-1,9,2025-12,0.18,3.0,3.0,0.0,7.33,
125-FCO-1,12,2025-12,1.7,20.0,20.0,0.0,20.0,
125-FCO-1,63,2025-12,3.11,6.57,6.57,0.0,2.35,0.33
125-LBS1,1,2025-12,9.69,25.0,25.0,0.0,33.67,11.0
125-LBS1,4,2025-12,8.23,5.0,4.0,1.0,4.33,7.0
125-LBS1,9,2025-12,137.8,25.0,0.0,25.0,9.67,5.0
126-DOC,1,2025-12,204.74,418.0,418.0,0.0,551.67,375.0
126-DOC,4,2025-12,85.67,90.0,90.0,0.0,101.33,154.0
126-DOC,5,2025-12,0.08,1.24,1.24,0.0,6.24,
126-DOC,6,2025-12,0.09,1.33,1.33,0.0,1.95,
126-DOC,7,2025-12,0.17,2.34,2.34,0.0,1.64,
126-DOC,9,2025-12,41.66,76.0,76.0,0.0,101.33,64.03
126-DOC,10,2025-12,0.01,0.25,0.25,0.0,0.44,
126-DOC,63,2025-12,0.27,1.57,1.57,0.0,5.56,3.91
126-DOC,64,2025-12,2.66,3.42,3.42,0.0,3.03,1.08
126-DOC,65,2025-12,0.92,1.74,1.74,0.0,2.21,0.08
126-LBS,1,2025-12,15.36,4.0,4.0,0.0,2.0,
126-LBS,4,2025-12,0.41,4.0,0.0,4.0,4.33,4.0
126-LBS,9,2025-12,0.03,1.0,1.0,0.0,1.0,
127-200GR,1,2025-12,194.95,390.17,390.17,0.0,518.36,335.68
127-200GR,4,2025-12,54.38,72.41,72.41,0.0,77.6,18.33
127-200GR,5,2025-12,0.02,0.83,0.83,0.0,1.23,
127-200GR,6,2025-12,0.01,0.16,0.16,0.0,0.44,
127-200GR,7,2025-12,0.01,0.08,0.08,0.0,0.24,
127-200GR,9,2025-12,19.08,49.33,49.33,0.0,88.15,28.41
127-200GR,63,2025-12,0.11,0.98,0.98,0.0,7.69,0.67
127-200GR,64,2025-12,0.16,0.34,0.34,0.0,0.44,
127-200GR,65,2025-12,0.08,0.41,0.41,0.0,2.06,0.08
127-45,1,2025-12,2012.46,2527.0,2527.0,0.0,3200.33,953.0
127-45,4,2025-12,337.34,467.0,467.0,0.0,517.67,159.0
127-45,5,2025-12,0.1,1.73,1.73,0.0,2.55,
127-45,6,2025-12,0.01,0.24,0.24,0.0,0.32,
127-45,7,2025-12,0.01,0.16,0.16,0.0,0.32,
127-45,9,2025-12,137.44,365.0,365.0,0.0,690.0,175.0
127-45,63,2025-12,0.03,0.24,0.24,0.0,1.52,0.25
127-45,64,2025-12,0.08,0.08,0.08,0.0,0.08,
127-45,65,2025-12,9.97,2.08,2.08,0.0,1.16,
127-DOC,1,2025-12,2802.45,3749.0,3749.0,0.0,4900.67,1945.56
127-DOC,4,2025-12,513.74,832.0,832.0,0.0,1099.33,341.0
127-DOC,5,2025-12,0.22,3.15,3.15,0.0,5.29,
127-DOC,6,2025-12,0.02,0.25,0.25,0.0,1.22,
127-DOC,7,2025-12,0.92,5.4,5.4,0.0,2.42,
127-DOC,9,2025-12,416.73,905.0,905.0,0.0,1519.33,487.0
127-DOC,10,2025-12,0.04,1.67,1.67,0.0,3.8,
127-DOC,63,2025-12,0.53,3.06,3.06,0.0,11.87,1.24
127-DOC,64,2025-12,0.1,0.4,0.4,0.0,1.16,0.17
127-DOC,65,2025-12,8.25,5.39,5.39,0.0,3.92,
127-FCO-1,1,2025-12,71.88,94.0,94.0,0.0,121.33,116.0
127-FCO-1,4,2025-12,18.81,15.0,15.0,0.0,13.67,9.0
127-FCO-1,5,2025-12,0.02,0.58,0.58,0.0,1.16,
127-FCO-1,6,2025-12,0.02,0.17,0.17,0.0,0.17,
127-FCO-1,7,2025-12,0.02,0.5,0.5,0.0,0.33,
127-FCO-1,9,2025-12,3.04,10.0,10.0,0.0,17.67,3.0
127-FCO-1,24,2025-12,0.02,0.08,0.08,0.0,0.11,
127-FCO-1,63,2025-12,2.58,4.99,4.99,0.0,2.02,
127-FCO-1,64,2025-12,6.71,0.75,0.75,0.0,0.33,
127-FCO-1,65,2025-12,1.36,0.75,0.75,0.0,0.42,
127-LBS,1,2025-12,111.91,173.0,173.0,0.0,251.33,249.0
127-LBS,4,2025-12,64.86,119.0,119.0,0.0,174.67,70.0
127-LBS,9,2025-12,41.93,73.0,73.0,0.0,107.33,40.0
128-DOC,1,2025-12,163.4,218.0,218.0,0.0,258.33,129.0
128-DOC,4,2025-12,18.16,37.0,37.0,0.0,52.0,33.0
128-DOC,5,2025-12,0.03,0.74,0.74,0.0,1.05,
128-DOC,6,2025-12,0.01,0.08,0.08,0.0,0.33,
128-DOC,7,2025-12,0.01,0.08,0.08,0.0,0.72,
128-DOC,9,2025-12,13.47,35.0,35.0,0.0,60.67,30.0
128-DOC,63,2025-12,0.14,0.33,0.33,0.0,0.6,0.42
128-DOC,64,2025-12,0.07,0.16,0.16,0.0,0.36,
128-DOC,65,2025-12,0.11,0.16,0.16,0.0,0.41,
128-FCO-1,1,2025-12,111.55,49.0,19.0,30.0,29.67,20.0
128-FCO-1,4,2025-12,1.62,26.0,0.0,26.0,11.67,
128-FCO-1,5,2025-12,0.01,0.08,0.08,0.0,0.22,
128-FCO-1,9,2025-12,0.26,2.0,2.0,0.0,2.33,
128-FCO-1,12,2025-12,2.37,30.0,30.0,0.0,16.67,
128-LBS,1,2025-12,0.78,3.0,3.0,0.0,2.67,76.0
128-LBS,4,2025-12,0.15,2.0,2.0,0.0,2.33,3.0
128-LBS,9,2025-12,0.02,1.0,0.0,1.0,1.0,
129-DOC,1,2025-12,658.14,1195.0,1195.0,0.0,2118.33,1159.0
129-DOC,4,2025-12,90.6,166.0,166.0,0.0,259.67,202.0
129-DOC,5,2025-12,0.18,5.7,5.7,0.0,6.15,
129-DOC,6,2025-12,0.11,1.66,1.66,0.0,2.41,
129-DOC,7,2025-12,0.1,1.24,1.24,0.0,0.84,
129-DOC,9,2025-12,56.1,139.0,139.0,0.0,254.33,109.0
129-DOC,63,2025-12,0.13,1.07,1.07,0.0,5.42,1.66
129-DOC,64,2025-12,2.5,3.83,3.83,0.0,3.74,1.34
129-DOC,65,2025-12,1.04,2.22,2.22,0.0,3.01,0.5
129-FCO-1,1,2025-12,50.1,149.0,149.0,0.0,528.67,176.0
129-FCO-1,4,2025-12,5.08,22.0,22.0,0.0,81.67,13.0
129-FCO-1,5,2025-12,0.02,0.84,0.84,0.0,0.63,
129-FCO-1,6,2025-12,0.01,0.08,0.08,0.0,0.19,
129-FCO-1,7,2025-12,0.01,0.16,0.16,0.0,0.91,
129-FCO-1,9,2025-12,2.89,10.0,10.0,0.0,45.0,2.0
129-FCO-1,63,2025-12,0.02,0.08,0.08,0.0,0.28,0.24
129-FCO-1,64,2025-12,0.39,0.25,0.25,0.0,0.16,
129-FCO-1,65,2025-12,2.06,1.08,1.08,0.0,0.58,
129-LBS,1,2025-12,14.45,50.0,50.0,0.0,97.67,87.0
129-LBS,4,2025-12,7.65,19.0,14.0,5.0,25.67,5.0
129-LBS,5,2025-12,1.06,6.0,6.0,0.0,3.67,
129-LBS,6,2025-12,0.07,2.0,2.0,0.0,1.67,
129-LBS,7,2025-12,0.21,2.0,2.0,0.0,1.67,
129-LBS,9,2025-12,1.69,10.0,3.0,7.0,44.67,5.0
130-LBS,1,2025-12,0.07,3.0,0.0,3.0,2.33,
130-LBS,4,2025-12,0.05,1.0,0.0,1.0,2.0,
131-LBS,1,2025-12,3.69,9.0,9.0,0.0,10.67,
131-LBS,4,2025-12,7.4,45.0,0.0,45.0,17.0,
131-LBS,9,2025-12,0.44,2.0,2.0,0.0,6.33,6.0
132-LBS,1,2025-12,0.1,4.0,0.0,4.0,3.67,1.0
132-LBS,4,2025-12,1.01,1.0,0.0,1.0,2.0,
132-LBS,9,2025-12,0.56,3.0,0.0,3.0,6.67,
133-LBS,1,2025-12,164.24,138.0,83.0,55.0,113.33,11.0
133-LBS,4,2025-12,1.92,17.0,17.0,0.0,26.67,5.0
133-LBS,9,2025-12,13.8,13.0,11.0,2.0,15.33,12.0
134-DOC,1,2025-12,439.43,805.0,805.0,0.0,1046.33,741.0
134-DOC,4,2025-12,266.46,355.0,355.0,0.0,402.33,358.0
134-DOC,5,2025-12,0.02,0.41,0.41,0.0,1.49,
134-DOC,6,2025-12,0.02,1.16,1.16,0.0,0.63,
134-DOC,7,2025-12,0.04,2.58,2.58,0.0,1.47,
134-DOC,9,2025-12,163.33,357.0,299.0,58.0,582.0,217.0
134-DOC,10,2025-12,0.01,0.17,0.17,0.0,0.45,
134-DOC,63,2025-12,0.23,0.91,0.91,0.0,2.04,0.24
134-DOC,64,2025-12,0.04,0.08,0.08,0.0,0.19,
134-DOC,65,2025-12,0.29,0.34,0.34,0.0,0.72,0.08
134-LBS,1,2025-12,103.68,72.0,61.0,11.0,49.33,11.0
134-LBS,4,2025-12,44.85,36.0,36.0,0.0,29.33,17.0
134-LBS,7,2025-12,0.08,2.0,2.0,0.0,3.0,
134-LBS,9,2025-12,589.0,104.0,104.0,0.0,44.0,
135-200GR,1,2025-12,112.21,167.83,167.83,0.0,182.8,284.61
135-200GR,4,2025-12,13.23,27.66,27.66,0.0,41.31,33.1
135-200GR,5,2025-12,0.02,0.82,0.82,0.0,1.04,
135-200GR,6,2025-12,0.01,0.16,0.16,0.0,0.44,
135-200GR,7,2025-12,0.03,0.17,0.17,0.0,4.64,
135-200GR,9,2025-12,46.07,49.41,15.83,33.58,47.83,33.01
135-200GR,63,2025-12,0.19,1.06,1.06,0.0,3.2,0.24
135-200GR,64,2025-12,1.44,0.91,0.91,0.0,0.69,
135-200GR,65,2025-12,6.57,2.9,2.9,0.0,1.78,
135-45,1,2025-12,1034.98,1704.0,1704.0,0.0,2082.0,1134.0
135-45,4,2025-12,209.73,385.0,385.0,0.0,517.0,359.0
135-45,5,2025-12,0.14,2.07,2.07,0.0,2.8,
135-45,6,2025-12,0.01,0.16,0.16,0.0,0.52,
135-45,7,2025-12,0.02,0.16,0.16,0.0,0.19,
135-45,9,2025-12,113.76,289.0,289.0,0.0,505.69,155.0
135-45,63,2025-12,0.03,0.16,0.16,0.0,2.86,0.08
135-45,64,2025-12,0.01,0.08,0.08,0.0,0.55,
135-45,65,2025-12,0.32,0.16,0.16,0.0,0.49,0.08
135-BOL-100,1,2025-12,213.86,294.0,268.0,26.0,304.0,503.0
135-BOL-100,4,2025-12,54.73,45.0,45.0,0.0,35.0,57.0
135-BOL-100,5,2025-12,0.01,0.18,0.18,0.0,0.41,
135-BOL-100,6,2025-12,0.01,0.06,0.06,0.0,0.05,
135-BOL-100,7,2025-12,0.01,0.02,0.02,0.0,0.06,
135-BOL-100,9,2025-12,2.91,9.0,9.0,0.0,29.0,15.0
135-BOL-100,63,2025-12,0.01,0.04,0.04,0.0,0.36,0.03
135-BOL-100,64,2025-12,0.02,0.02,0.02,0.0,0.02,
135-BOL-100,65,2025-12,0.02,0.02,0.02,0.0,0.02,
135-DOC,1,2025-12,1390.75,2480.0,2480.0,0.0,3472.67,1564.0
135-DOC,4,2025-12,335.57,668.0,668.0,0.0,952.33,294.0
135-DOC,5,2025-12,0.09,1.24,1.24,0.0,1.84,
135-DOC,6,2025-12,0.02,0.32,0.32,0.0,0.35,
135-DOC,7,2025-12,0.01,0.08,0.08,0.0,0.43,
135-DOC,9,2025-12,225.99,533.0,533.0,0.0,914.67,316.0
135-DOC,63,2025-12,0.1,0.84,0.84,0.0,3.83,1.4
135-DOC,64,2025-12,0.5,0.49,0.49,0.0,0.43,0.83
135-DOC,65,2025-12,0.39,0.66,0.66,0.0,1.71,0.16
135-FCO-1,1,2025-12,183.16,238.0,238.0,0.0,272.17,226.0
135-FCO-1,4,2025-12,27.69,51.0,51.0,0.0,65.67,23.0
135-FCO-1,5,2025-12,0.02,1.08,1.08,0.0,1.38,
135-FCO-1,6,2025-12,0.07,1.23,1.23,0.0,0.57,
135-FCO-1,7,2025-12,0.01,0.08,0.08,0.0,0.13,
135-FCO-1,9,2025-12,12.8,37.0,37.0,0.0,69.67,43.0
135-FCO-1,12,2025-12,3.93,30.0,30.0,0.0,25.0,
135-FCO-1,63,2025-12,0.28,0.66,0.66,0.0,0.94,
135-FCO-1,64,2025-12,0.01,0.08,0.08,0.0,0.39,
135-FCO-1,65,2025-12,0.02,1.25,1.25,0.0,0.94,0.08
135-LBS,1,2025-12,126.81,317.0,317.0,0.0,445.33,59.0
135-LBS,4,2025-12,63.95,180.0,180.0,0.0,301.0,75.0
135-LBS,5,2025-12,8.32,20.0,20.0,0.0,7.33,
135-LBS,6,2025-12,0.05,1.0,1.0,0.0,1.33,
135-LBS,7,2025-12,0.58,4.0,4.0,0.0,2.0,
135-LBS,9,2025-12,193.39,141.0,141.0,0.0,120.33,18.0
135-LBS,63,2025-12,0.02,1.0,1.0,0.0,1.0,
135-LBS,64,2025-12,4.0,2.0,2.0,0.0,1.67,
135-LBSJIMMY,1,2025-12,0.26,1.0,0.0,1.0,1.67,
136-LBS,1,2025-12,121.9,168.0,168.0,0.0,176.67,23.0
136-LBS,4,2025-12,51.69,108.0,108.0,0.0,134.0,134.0
136-LBS,6,2025-12,0.04,1.0,1.0,0.0,3.0,
136-LBS,9,2025-12,6.55,29.0,29.0,0.0,61.0,25.0
136-LBS,63,2025-12,1.42,16.0,16.0,0.0,7.0,
137-DOC,1,2025-12,334.66,631.0,631.0,0.0,887.67,522.0
137-DOC,4,2025-12,37.74,93.0,93.0,0.0,155.33,75.0
137-DOC,5,2025-12,0.03,0.82,0.82,0.0,1.78,
137-DOC,6,2025-12,0.01,0.08,0.08,0.0,0.58,
137-DOC,7,2025-12,0.02,0.67,0.67,0.0,0.7,
137-DOC,9,2025-12,38.22,103.0,103.0,0.0,190.0,66.0
137-DOC,10,2025-12,0.02,0.83,0.83,0.0,0.69,
137-DOC,63,2025-12,0.02,0.24,0.24,0.0,1.7,0.17
137-DOC,64,2025-12,1.09,1.16,1.16,0.0,0.91,1.0
137-DOC,65,2025-12,0.44,0.66,0.66,0.0,0.85,0.08
137-LBS,1,2025-12,0.39,3.0,3.0,0.0,13.67,12.0
137-LBS,4,2025-12,1.0,1.0,1.0,0.0,1.0,2.0
137-LBS,9,2025-12,3.13,7.0,7.0,0.0,9.0,10.0
138-LBS,1,2025-12,0.12,1.0,1.0,0.0,4.33,7.0
138-LBS,4,2025-12,2.98,9.0,9.0,0.0,5.33,
139-LBS,1,2025-12,0.71,11.0,0.0,11.0,12.0,5.0
140-DOC,1,2025-12,257.15,512.0,512.0,0.0,744.0,742.0
140-DOC,4,2025-12,39.65,105.0,105.0,0.0,205.67,204.0
140-DOC,5,2025-12,0.09,0.91,0.91,0.0,3.45,
140-DOC,6,2025-12,0.04,0.41,0.41,0.0,2.64,
140-DOC,7,2025-12,0.16,2.49,2.49,0.0,3.16,
140-DOC,9,2025-12,35.14,89.0,89.0,0.0,155.67,96.0
140-DOC,63,2025-12,1.07,2.32,2.32,0.0,3.77,2.34
140-DOC,64,2025-12,2.69,1.84,1.84,0.0,1.5,1.41
140-DOC,65,2025-12,3.28,3.67,3.67,0.0,3.2,0.5
140-FCO-1,1,2025-12,64.76,49.0,49.0,0.0,41.67,23.0
140-FCO-1,4,2025-12,2.0,4.0,4.0,0.0,5.67,4.0
140-FCO-1,5,2025-12,0.05,0.49,0.49,0.0,0.38,
140-FCO-1,6,2025-12,0.02,0.08,0.08,0.0,0.11,
140-FCO-1,7,2025-12,0.06,0.92,0.92,0.0,0.47,
140-FCO-1,9,2025-12,0.23,1.0,1.0,0.0,8.33,2.0
140-FCO-1,63,2025-12,0.05,0.25,0.25,0.0,0.17,
140-FCO-1,64,2025-12,0.02,0.66,0.66,0.0,0.74,
140-LBS,1,2025-12,80.25,157.0,5.0,152.0,185.33,16.0
140-LBS,4,2025-12,121.31,79.0,0.0,79.0,46.33,5.0
140-LBS,9,2025-12,8.79,18.0,18.0,0.0,36.0,16.0
142-FCO-1,1,2025-12,0.9,6.0,0.0,6.0,57.0,
142-FCO-1,4,2025-12,0.07,2.0,0.0,2.0,1.33,
142-FCO-1,5,2025-12,0.34,1.08,1.08,0.0,0.72,
142-FCO-1,6,2025-12,0.01,0.25,0.25,0.0,0.33,
142-FCO-1,7,2025-12,0.01,0.58,0.58,0.0,1.22,
142-LBS,1,2025-12,0.2,2.0,0.0,2.0,8.67,
142-LBS,4,2025-12,1.3,6.0,0.0,6.0,3.67,14.0
143-200GR,1,2025-12,89.48,183.75,160.75,23.0,271.89,166.2
143-200GR,4,2025-12,20.53,30.0,30.0,0.0,33.14,16.0
143-200GR,5,2025-12,0.05,1.07,1.07,0.0,1.2,
143-200GR,6,2025-12,0.01,0.25,0.25,0.0,1.32,
143-200GR,7,2025-12,0.01,0.16,0.16,0.0,0.66,
143-200GR,9,2025-12,6.45,28.0,28.0,0.0,63.12,19.0
143-200GR,63,2025-12,0.83,2.57,2.57,0.0,4.57,
143-200GR,64,2025-12,2.29,1.84,1.84,0.0,1.33,0.08
143-200GR,65,2025-12,5.53,2.49,2.49,0.0,1.38,
143-45,1,2025-12,244.32,345.0,345.0,0.0,427.67,196.0
143-45,4,2025-12,36.13,76.0,76.0,0.0,133.0,30.0
143-45,5,2025-12,0.09,1.23,1.23,0.0,2.24,
143-45,6,2025-12,0.02,0.24,0.24,0.0,1.24,
143-45,7,2025-12,0.02,0.58,0.58,0.0,0.74,
143-45,9,2025-12,42.15,87.0,87.0,0.0,133.67,41.0
143-45,63,2025-12,0.14,0.65,0.65,0.0,2.02,2.9
143-45,64,2025-12,2.54,1.59,1.59,0.0,2.08,0.08
143-45,65,2025-12,0.08,0.59,0.59,0.0,2.27,0.16
143-FCO-1,1,2025-12,45.03,32.0,32.0,0.0,24.67,21.0
143-FCO-1,4,2025-12,0.36,15.0,7.0,8.0,17.67,
143-FCO-1,5,2025-12,0.02,0.08,0.08,0.0,0.19,
143-FCO-1,6,2025-12,0.01,0.25,0.25,0.0,0.47,
143-FCO-1,7,2025-12,0.02,0.66,0.66,0.0,0.47,
143-FCO-1,9,2025-12,1.35,2.0,2.0,0.0,2.33,
143-FCO-1,63,2025-12,0.05,0.67,0.67,0.0,0.47,
143-FCO-1,65,2025-12,0.21,0.42,0.42,0.0,0.69,
143-LBS,1,2025-12,5.99,29.0,29.0,0.0,91.33,2.0
143-LBS,4,2025-12,5.79,23.0,23.0,0.0,55.0,63.0
143-LBS,6,2025-12,0.05,1.0,1.0,0.0,1.67,
143-LBS,9,2025-12,18.26,44.0,44.0,0.0,86.33,79.0
144-BUL-40,1,2025-12,1014.41,645.0,42.0,603.0,426.33,454.0
144-BUL-40,4,2025-12,4.85,11.0,11.0,0.0,20.33,1.0
144-BUL-40,5,2025-12,0.01,0.25,0.25,0.0,0.61,
144-BUL-40,6,2025-12,0.02,0.04,0.04,0.0,0.04,
144-BUL-40,7,2025-12,0.01,0.01,0.01,0.0,0.04,
144-BUL-40,9,2025-12,63.09,63.0,17.0,46.0,60.67,16.0
144-BUL-40,63,2025-12,0.01,0.09,0.09,0.0,0.49,0.01
144-BUL-40,64,2025-12,0.01,0.04,0.04,0.0,0.03,
144-BUL-40,65,2025-12,0.08,0.04,0.04,0.0,0.05,0.01
144-DOC,5,2025-12,0.01,0.08,0.08,0.0,0.16,
144-DOC,6,2025-12,0.01,0.08,0.08,0.0,0.44,
144-DOC,7,2025-12,0.02,1.0,1.0,0.0,0.53,
144-LBS,1,2025-12,1.48,9.0,9.0,0.0,24.0,3.0
144-LBS,4,2025-12,1.4,2.0,0.0,2.0,7.0,29.0
144-LBS,9,2025-12,3.93,50.0,37.0,13.0,21.67,
144-LBS,63,2025-12,0.02,1.0,1.0,0.0,1.0,
145-BUL100U.,1,2025-12,36.55,122.0,82.0,40.0,379.33,1016.0
145-BUL100U.,4,2025-12,4.16,13.0,13.0,0.0,28.33,31.0
145-BUL100U.,5,2025-12,0.01,0.17,0.17,0.0,0.27,
145-BUL100U.,6,2025-12,0.01,0.01,0.01,0.0,0.03,
145-BUL100U.,7,2025-12,0.04,0.08,0.08,0.0,0.05,
145-BUL100U.,9,2025-12,9.13,25.0,25.0,0.0,50.67,128.0
145-BUL100U.,63,2025-12,0.02,0.1,0.1,0.0,0.4,
145-BUL100U.,65,2025-12,0.22,1.05,1.05,0.0,0.37,
145-DOC,1,2025-12,132.25,249.0,249.0,0.0,319.0,537.0
145-DOC,4,2025-12,78.84,52.0,52.0,0.0,39.0,27.0
145-DOC,5,2025-12,0.02,0.08,0.08,0.0,1.48,
145-DOC,6,2025-12,0.09,1.67,1.67,0.0,0.72,
145-DOC,7,2025-12,0.05,1.25,1.25,0.0,1.55,
145-DOC,9,2025-12,9.81,24.0,24.0,0.0,44.67,14.0
145-DOC,63,2025-12,0.09,0.74,0.74,0.0,3.38,0.08
145-DOC,64,2025-12,0.27,0.75,0.75,0.0,0.94,
145-DOC,65,2025-12,3.81,3.25,3.25,0.0,3.3,1.84
145-LBS,1,2025-12,0.33,3.0,3.0,0.0,19.0,4.0
145-LBS,4,2025-12,1.01,1.0,1.0,0.0,1.0,5.0
145-LBS,9,2025-12,0.5,1.0,1.0,0.0,1.33,2.0
146-55,1,2025-12,694.44,1266.0,1266.0,0.0,1705.33,918.0
146-55,4,2025-12,125.07,284.0,284.0,0.0,416.33,227.0
146-55,5,2025-12,0.18,3.54,3.54,0.0,9.4,
146-55,6,2025-12,0.07,2.07,2.07,0.0,2.29,
146-55,7,2025-12,0.05,0.91,0.91,0.0,2.59,
146-55,9,2025-12,94.39,222.0,222.0,0.0,393.33,146.0
146-55,63,2025-12,0.37,3.48,3.48,0.0,21.5,0.08
146-55,64,2025-12,1.36,2.73,2.73,0.0,3.49,1.09
146-55,65,2025-12,0.69,1.66,1.66,0.0,2.26,0.16
146-DOC,1,2025-12,149.4,280.0,280.0,0.0,355.67,128.0
146-DOC,4,2025-12,109.12,79.0,79.0,0.0,64.0,13.0
146-DOC,5,2025-12,0.06,1.83,1.83,0.0,1.49,
146-DOC,6,2025-12,0.1,1.42,1.42,0.0,0.69,
146-DOC,7,2025-12,0.03,0.5,0.5,0.0,1.33,
146-DOC,9,2025-12,17.07,41.0,41.0,0.0,75.33,13.0
146-DOC,63,2025-12,0.08,0.66,0.66,0.0,2.61,2.59
146-DOC,64,2025-12,0.04,0.16,0.16,0.0,1.58,
146-DOC,65,2025-12,0.25,0.74,0.74,0.0,1.52,0.58
146-LBS,1,2025-12,3.04,9.0,9.0,0.0,15.0,3.0
146-LBS,9,2025-12,4.0,2.0,0.0,2.0,2.0,7.0
147-DOC,1,2025-12,165.4,295.0,295.0,0.0,393.0,152.0
147-DOC,4,2025-12,15.43,37.0,37.0,0.0,52.0,23.0
147-DOC,5,2025-12,0.08,2.08,2.08,0.0,2.41,
147-DOC,6,2025-12,0.23,2.17,2.17,0.0,1.11,
147-DOC,7,2025-12,0.05,0.91,0.91,0.0,1.0,
147-DOC,9,2025-12,8.73,29.0,29.0,0.0,62.33,9.0
147-DOC,63,2025-12,0.14,0.91,0.91,0.0,3.09,1.85
147-DOC,64,2025-12,0.31,0.75,0.75,0.0,1.0,
147-DOC,65,2025-12,2.37,1.66,1.66,0.0,1.58,
148-FCO-1,1,2025-12,136.89,69.0,38.0,31.0,38.0,4.0
148-FCO-1,4,2025-12,1.06,6.0,6.0,0.0,4.33,
148-FCO-1,5,2025-12,0.02,0.25,0.25,0.0,0.53,
148-FCO-1,7,2025-12,0.02,0.08,0.08,0.0,0.11,
148-FCO-1,9,2025-12,0.5,1.0,1.0,0.0,2.33,
148-FCO-1,63,2025-12,0.02,0.59,0.59,0.0,0.36,
148-FCO-1,65,2025-12,4.04,1.0,1.0,0.0,0.58,
149-100GRS.,1,2025-12,76.31,132.34,132.34,0.0,166.47,81.6
149-100GRS.,4,2025-12,7.43,19.67,19.67,0.0,39.56,4.5
149-100GRS.,5,2025-12,0.02,0.24,0.24,0.0,0.36,
149-100GRS.,6,2025-12,0.04,0.24,0.24,0.0,0.13,
149-100GRS.,7,2025-12,0.01,0.08,0.08,0.0,0.3,
149-100GRS.,9,2025-12,4.03,13.75,13.75,0.0,40.02,9.25
149-100GRS.,63,2025-12,0.02,1.09,1.09,0.0,0.74,
149-100GRS.,65,2025-12,0.11,0.16,0.16,0.0,0.16,
149-DOC,1,2025-12,46.57,627.0,0.0,627.0,808.67,
149-DOC,4,2025-12,2.72,57.0,22.0,35.0,64.0,
149-DOC,5,2025-12,0.06,1.33,1.33,0.0,1.86,
149-DOC,6,2025-12,0.06,1.66,1.66,0.0,1.91,
149-DOC,7,2025-12,0.02,0.33,0.33,0.0,1.05,
149-DOC,9,2025-12,1.43,13.0,0.0,13.0,50.67,
149-DOC,63,2025-12,0.02,0.08,0.08,0.0,1.69,3.07
149-DOC,64,2025-12,1.24,1.67,1.67,0.0,1.61,2.08
149-DOC,65,2025-12,1.21,1.0,1.0,0.0,1.53,
149-LB,1,2025-12,91.47,144.0,144.0,0.0,186.67,47.0
149-LB,4,2025-12,8.43,40.0,40.0,0.0,100.0,80.0
149-LB,5,2025-12,0.05,1.0,1.0,0.0,1.33,
149-LB,9,2025-12,17.52,44.0,44.0,0.0,80.33,24.0
150-175G,1,2025-12,9.77,27.42,27.42,0.0,83.54,122.43
150-175G,4,2025-12,13.39,19.0,19.0,0.0,20.64,15.0
150-175G,5,2025-12,0.44,5.66,5.66,0.0,4.37,
150-175G,6,2025-12,0.04,1.0,1.0,0.0,2.3,
150-175G,7,2025-12,0.03,0.33,0.33,0.0,2.0,
150-175G,9,2025-12,2.0,8.17,8.17,0.0,20.22,29.21
150-175G,24,2025-12,0.42,1.66,1.66,0.0,1.03,
150-175G,63,2025-12,0.02,0.16,0.16,0.0,2.29,7.33
150-175G,64,2025-12,0.68,1.08,1.08,0.0,1.28,0.75
150-175G,65,2025-12,0.01,0.08,0.08,0.0,0.75,
150-DOC,1,2025-12,299.33,451.0,451.0,0.0,545.33,482.0
150-DOC,4,2025-12,31.01,48.0,48.0,0.0,51.67,3.0
150-DOC,5,2025-12,0.1,0.81,0.81,0.0,2.93,
150-DOC,6,2025-12,0.03,1.25,1.25,0.0,1.47,
150-DOC,7,2025-12,0.15,1.5,1.5,0.0,1.8,
150-DOC,9,2025-12,12.04,35.0,35.0,0.0,66.33,17.0
150-DOC,63,2025-12,0.1,0.75,0.75,0.0,2.92,0.83
150-DOC,64,2025-12,1.11,1.59,1.59,0.0,1.42,0.24
150-DOC,65,2025-12,0.7,1.17,1.17,0.0,1.24,0.42
150-LB,1,2025-12,12.44,41.0,41.0,0.0,77.0,20.0
150-LB,4,2025-12,23.22,50.0,50.0,0.0,74.0,48.0
150-LB,5,2025-12,0.02,1.0,1.0,0.0,1.0,
150-LB,9,2025-12,2.17,7.0,7.0,0.0,11.0,4.0
1505-DUOXTRAKEM,30,2025-12,128.42,320.0,320.0,0.0,160.0,
1505-KE500SABRO,5,2025-12,0.06,1.37,1.37,0.0,1.71,
1505-KE500SABRO,6,2025-12,0.02,0.04,0.04,0.0,0.04,
1505-KE500SABRO,7,2025-12,0.01,0.04,0.04,0.0,0.22,
1505-KE500SABRO,30,2025-12,100.13,100.0,100.0,0.0,83.33,
1505-KE500SABRO,63,2025-12,0.02,0.13,0.13,0.0,0.22,
1505-KE500SABRO,65,2025-12,0.02,0.08,0.08,0.0,0.05,
1505-KET500XTRA,30,2025-12,4.95,32.0,32.0,0.0,74.67,
1505-KETCLIC,30,2025-12,75.79,528.0,528.0,0.0,528.0,
1505-KETCLIC500,5,2025-12,0.01,0.17,0.17,0.0,0.18,
1505-KETCLIC500,30,2025-12,45.57,320.0,320.0,0.0,263.33,
1505-KETSAB680G,5,2025-12,0.01,0.08,0.08,0.0,0.61,
1505-KETSAB680G,30,2025-12,25.1,50.0,50.0,0.0,66.67,
1505-KETSAB680G,63,2025-12,0.02,0.5,0.5,0.0,0.5,
1505-KETVALUE,30,2025-12,135.36,800.0,800.0,0.0,460.33,
1505-KETXTRA390,30,2025-12,145.72,288.0,288.0,0.0,464.0,48.0
151-BUL-20GRS.,1,2025-12,156.88,204.5,204.5,0.0,223.92,95.6
151-BUL-20GRS.,4,2025-12,100.66,99.8,60.31,39.49,81.04,8.0
151-BUL-20GRS.,5,2025-12,0.04,1.3,1.3,0.0,3.78,
151-BUL-20GRS.,6,2025-12,0.01,0.08,0.08,0.0,0.31,
151-BUL-20GRS.,7,2025-12,0.08,0.39,0.39,0.0,0.92,
151-BUL-20GRS.,9,2025-12,9.94,28.5,28.5,0.0,54.75,12.5
151-BUL-20GRS.,10,2025-12,0.03,0.54,0.54,0.0,1.33,
151-BUL-20GRS.,24,2025-12,0.03,0.79,0.79,0.0,2.12,
151-BUL-20GRS.,63,2025-12,0.1,0.31,0.31,0.0,0.52,0.25
151-BUL-20GRS.,64,2025-12,0.12,0.14,0.14,0.0,0.28,0.04
151-BUL-20GRS.,65,2025-12,21.81,4.14,4.14,0.0,2.0,0.25
151-CJA48U(48G),1,2025-12,300.69,344.0,235.5,108.5,311.51,149.36
151-CJA48U(48G),4,2025-12,22.92,42.0,42.0,0.0,48.67,6.75
151-CJA48U(48G),5,2025-12,0.03,1.23,1.23,0.0,1.13,
151-CJA48U(48G),6,2025-12,0.01,0.12,0.12,0.0,0.19,
151-CJA48U(48G),7,2025-12,0.01,0.04,0.04,0.0,0.57,
151-CJA48U(48G),9,2025-12,14.82,25.25,25.25,0.0,32.0,4.5
151-CJA48U(48G),24,2025-12,0.15,2.28,2.28,0.0,3.57,
151-CJA48U(48G),63,2025-12,0.02,0.12,0.12,0.0,0.37,0.06
151-CJA48U(48G),64,2025-12,0.17,0.23,0.23,0.0,0.22,0.15
151-CJA48U(48G),65,2025-12,0.01,0.15,0.15,0.0,0.99,
151-DOC,1,2025-12,632.91,911.0,827.0,84.0,1119.67,528.0
151-DOC,4,2025-12,60.92,115.0,115.0,0.0,180.33,72.0
151-DOC,5,2025-12,0.43,7.15,7.15,0.0,13.87,
151-DOC,6,2025-12,1.04,13.0,13.0,0.0,8.34,
151-DOC,7,2025-12,0.63,5.41,5.41,0.0,6.82,
151-DOC,9,2025-12,28.82,63.0,63.0,0.0,97.33,21.0
151-DOC,63,2025-12,0.39,2.31,2.31,0.0,9.21,6.82
151-DOC,64,2025-12,0.46,1.83,1.83,0.0,4.92,5.82
151-DOC,65,2025-12,8.59,10.91,10.91,0.0,10.29,6.84
152-LB,1,2025-12,2.44,7.0,5.0,2.0,4.33,
152-LB,4,2025-12,0.02,1.0,1.0,0.0,1.0,
157-LB,1,2025-12,0.04,1.0,1.0,0.0,1.33,
157-LB,4,2025-12,1.0,1.0,0.0,1.0,1.0,
157-LB,9,2025-12,0.44,2.0,1.0,1.0,6.67,15.0
158-LB,1,2025-12,4.8,11.0,0.0,11.0,7.33,
158-LB,4,2025-12,0.03,1.0,1.0,0.0,1.0,
158-LB,9,2025-12,0.02,1.0,0.0,1.0,1.33,
159-LBS,1,2025-12,0.44,2.0,2.0,0.0,4.67,
159-LBS,4,2025-12,0.57,4.0,1.0,3.0,2.0,
159-LBS,9,2025-12,0.06,1.0,1.0,0.0,2.33,
1601-BBQ200G,1,2025-12,207.21,309.25,309.25,0.0,346.49,144.87
1601-BBQ200G,4,2025-12,34.92,74.5,74.5,0.0,105.25,84.41
1601-BBQ200G,5,2025-12,0.01,0.2,0.2,0.0,0.72,
1601-BBQ200G,6,2025-12,0.01,0.04,0.04,0.0,0.18,
1601-BBQ200G,7,2025-12,0.01,0.12,0.12,0.0,0.7,
1601-BBQ200G,9,2025-12,29.38,56.5,56.5,0.0,83.68,37.84
1601-BBQ200G,63,2025-12,0.04,0.41,0.41,0.0,2.32,0.54
1601-BBQ200G,64,2025-12,0.08,0.2,0.2,0.0,0.35,0.12
1601-BBQ200G,65,2025-12,0.12,0.21,0.21,0.0,0.29,0.04
1601-BBQ425GRS,1,2025-12,48.81,89.75,89.75,0.0,120.0,211.52
1601-BBQ425GRS,4,2025-12,19.69,37.25,37.25,0.0,53.31,30.46
1601-BBQ425GRS,5,2025-12,0.01,0.21,0.21,0.0,0.39,
1601-BBQ425GRS,6,2025-12,0.01,0.04,0.04,0.0,0.09,
1601-BBQ425GRS,7,2025-12,0.01,0.2,0.2,0.0,0.51,
1601-BBQ425GRS,9,2025-12,12.77,21.25,21.25,0.0,25.42,23.98
1601-BBQ425GRS,63,2025-12,0.01,0.12,0.12,0.0,0.62,0.13
1601-BBQ425GRS,64,2025-12,0.02,0.08,0.08,0.0,0.23,
1601-BBQ425GRS,65,2025-12,0.02,0.38,0.38,0.0,0.26,
1601-BBQ570GR,1,2025-12,11.34,24.75,24.75,0.0,41.5,23.0
1601-BBQ570GR,4,2025-12,2.88,10.25,10.25,0.0,20.17,17.67
1601-BBQ570GR,5,2025-12,0.01,0.16,0.16,0.0,0.19,
1601-BBQ570GR,6,2025-12,0.02,0.08,0.08,0.0,0.16,
1601-BBQ570GR,7,2025-12,0.02,0.25,0.25,0.0,0.19,
1601-BBQ570GR,9,2025-12,3.19,6.0,6.0,0.0,9.5,6.25
1601-BBQ570GR,63,2025-12,0.01,0.08,0.08,0.0,0.49,
1601-BBQ570GR,65,2025-12,0.02,0.08,0.08,0.0,0.22,
1601-MAY100DIS,12,2025-12,605.16,405.0,405.0,0.0,255.0,
1601-MAY1KG,1,2025-12,137.65,381.84,381.84,0.0,655.93,396.5
1601-MAY1KG,4,2025-12,128.89,147.24,147.24,0.0,135.25,76.41
1601-MAY1KG,5,2025-12,0.07,1.24,1.24,0.0,2.16,
1601-MAY1KG,6,2025-12,0.02,0.49,0.49,0.0,0.74,
1601-MAY1KG,7,2025-12,0.02,0.08,0.08,0.0,0.77,
1601-MAY1KG,9,2025-12,49.26,86.58,86.58,0.0,116.08,38.25
1601-MAY1KG,24,2025-12,0.01,0.08,0.08,0.0,0.28,
1601-MAY1KG,28,2025-12,0.02,0.24,0.24,0.0,0.14,
1601-MAY1KG,63,2025-12,0.04,0.33,0.33,0.0,3.5,1.65
1601-MAY1KG,64,2025-12,0.02,0.24,0.24,0.0,1.16,0.83
1601-MAY1KG,65,2025-12,1.23,2.99,2.99,0.0,4.3,0.5
1601-MAY680GR,1,2025-12,1032.55,1169.84,1010.84,159.0,1123.43,630.63
1601-MAY680GR,4,2025-12,37.95,86.22,86.22,0.0,114.38,51.51
1601-MAY680GR,5,2025-12,0.03,0.06,0.06,0.0,2.23,
1601-MAY680GR,6,2025-12,0.01,0.5,0.5,0.0,1.06,
1601-MAY680GR,7,2025-12,0.16,1.86,1.86,0.0,1.96,
1601-MAY680GR,9,2025-12,83.95,123.64,123.64,0.0,177.04,115.1
1601-MAY680GR,28,2025-12,0.02,0.06,0.06,0.0,0.14,
1601-MAY680GR,63,2025-12,0.07,0.64,0.64,0.0,3.62,1.4
1601-MAY680GR,64,2025-12,0.01,0.11,0.11,0.0,0.58,0.18
1601-MAY680GR,65,2025-12,3.18,3.55,3.55,0.0,3.21,0.79
1601-MAYO330GR,1,2025-12,3.76,27.0,27.0,0.0,124.83,63.0
1601-MAYO330GR,4,2025-12,3.98,10.0,10.0,0.0,13.67,2.0
1601-MAYO330GR,5,2025-12,0.02,0.58,0.58,0.0,0.4,
1601-MAYO330GR,6,2025-12,0.04,0.33,0.33,0.0,0.26,
1601-MAYO330GR,7,2025-12,0.02,0.66,0.66,0.0,0.48,
1601-MAYO330GR,9,2025-12,0.65,3.0,3.0,0.0,8.0,6.0
1601-MAYO330GR,13,2025-12,0.53,15.0,15.0,0.0,15.33,
1601-MAYO330GR,14,2025-12,1.67,23.0,23.0,0.0,13.67,5.0
1601-MAYO330GR,63,2025-12,0.12,0.51,0.51,0.0,1.49,0.71
1601-MAYO330GR,64,2025-12,0.04,0.08,0.08,0.0,0.23,
1601-MAYO330GR,65,2025-12,4.89,0.92,0.92,0.0,0.39,
1601-MOST390GR,1,2025-12,4.28,25.0,25.0,0.0,80.33,45.0
1601-MOST390GR,4,2025-12,0.44,2.0,2.0,0.0,5.67,4.0
1601-MOST390GR,5,2025-12,0.04,0.66,0.66,0.0,0.48,
1601-MOST390GR,6,2025-12,0.02,0.04,0.04,0.0,0.04,
1601-MOST390GR,7,2025-12,0.02,0.59,0.59,0.0,0.52,
1601-MOST390GR,9,2025-12,2.8,6.0,2.0,4.0,8.67,5.0
1601-MOST390GR,13,2025-12,0.22,10.0,10.0,0.0,8.0,
1601-MOST390GR,14,2025-12,1.12,14.0,14.0,0.0,8.33,
1601-MOST390GR,63,2025-12,0.04,0.25,0.25,0.0,4.34,
1601-MOST390GR,65,2025-12,2.45,0.71,0.71,0.0,0.32,
1601-MSACHET,1,2025-12,6067.76,3859.0,106.0,3753.0,1434.0,2572.0
1601-MSACHET,4,2025-12,2.89,11.0,11.0,0.0,20.0,23.0
1601-MSACHET,5,2025-12,0.07,2.0,2.0,0.0,2.0,
1601-MSACHET,9,2025-12,0.09,2.0,2.0,0.0,3.67,4.0
1603-MOSMAYO200,1,2025-12,43.67,72.5,72.5,0.0,94.67,114.6
1603-MOSMAYO200,4,2025-12,8.73,17.25,17.25,0.0,23.58,11.75
1603-MOSMAYO200,5,2025-12,0.08,0.83,0.83,0.0,3.14,
1603-MOSMAYO200,6,2025-12,0.02,0.38,0.38,0.0,0.51,
1603-MOSMAYO200,7,2025-12,0.06,1.46,1.46,0.0,1.9,
1603-MOSMAYO200,9,2025-12,6.15,14.25,14.25,0.0,22.67,13.47
1603-MOSMAYO200,10,2025-12,2.68,6.0,6.0,0.0,2.35,
1603-MOSMAYO200,12,2025-12,10.34,240.0,240.0,0.0,176.0,
1603-MOSMAYO200,24,2025-12,0.08,0.08,0.08,0.0,0.19,
1603-MOSMAYO200,63,2025-12,4.08,2.79,2.79,0.0,1.8,0.33
1603-MOSMAYO200,64,2025-12,1.48,1.22,1.22,0.0,1.03,0.25
1603-MOSMAYO200,65,2025-12,4.99,2.43,2.43,0.0,1.72,0.08
1603-MOSMIEL200,1,2025-12,1693.44,999.23,28.21,971.02,585.45,416.67
1603-MOSMIEL200,4,2025-12,117.03,74.65,2.25,72.4,51.72,19.91
1603-MOSMIEL200,5,2025-12,0.02,0.25,0.25,0.0,0.61,
1603-MOSMIEL200,6,2025-12,0.01,0.04,0.04,0.0,0.39,
1603-MOSMIEL200,7,2025-12,0.19,2.58,2.58,0.0,1.23,
1603-MOSMIEL200,9,2025-12,157.56,98.35,1.0,97.35,70.03,55.98
1603-MOSMIEL200,12,2025-12,14.0,144.0,144.0,0.0,96.0,
1603-MOSMIEL200,24,2025-12,0.06,0.33,0.33,0.0,0.15,
1603-MOSMIEL200,63,2025-12,0.08,0.2,0.2,0.0,0.49,0.13
1603-MOSMIEL200,64,2025-12,3.03,1.24,1.24,0.0,0.72,2.0
1603-MOSMIEL200,65,2025-12,0.05,0.25,0.25,0.0,0.52,0.12
1603-MOSMIEL350,1,2025-12,874.92,428.98,0.0,428.98,231.81,
1603-MOSMIEL350,4,2025-12,251.46,81.31,0.0,81.31,38.35,
1603-MOSMIEL350,9,2025-12,59.64,32.91,4.25,28.66,20.97,
1604-BBQ73.3OZ,1,2025-12,112.53,181.85,181.85,0.0,245.86,264.45
1604-BBQ73.3OZ,4,2025-12,21.26,50.36,50.36,0.0,77.91,121.52
1604-BBQ73.3OZ,5,2025-12,0.17,1.83,1.83,0.0,0.72,
1604-BBQ73.3OZ,6,2025-12,0.01,0.17,0.17,0.0,0.23,
1604-BBQ73.3OZ,7,2025-12,0.01,0.17,0.17,0.0,0.23,
1604-BBQ73.3OZ,9,2025-12,2.96,13.34,13.34,0.0,33.97,9.85
1604-BBQ73.3OZ,28,2025-12,0.04,0.5,0.5,0.0,0.45,
1604-BBQ73.3OZ,63,2025-12,0.07,0.51,0.51,0.0,2.73,
1604-BBQ73.3OZ,64,2025-12,0.33,0.33,0.33,0.0,0.45,
1604-BBQ73.3OZ,65,2025-12,0.5,1.0,1.0,0.0,1.17,
1604-SOSTION200,1,2025-12,33.65,29.75,29.75,0.0,31.0,120.93
1604-SOSTION200,4,2025-12,3.77,6.75,6.75,0.0,9.58,1.25
1604-SOSTION200,9,2025-12,0.18,1.5,1.5,0.0,10.46,3.5
1604-SOSTION200,63,2025-12,0.08,1.41,1.41,0.0,0.58,
1604-SOSTION200,65,2025-12,0.01,0.04,0.04,0.0,0.18,
1604-SOSTION350,1,2025-12,5.85,9.25,9.25,0.0,11.33,5.25
1604-SOSTION350,4,2025-12,1.45,3.0,3.0,0.0,3.52,
1604-SOSTION350,9,2025-12,0.82,2.25,2.25,0.0,5.25,0.75
1604-SOSTION350,63,2025-12,0.01,0.04,0.04,0.0,0.14,
1604-SOSTION350,64,2025-12,0.02,0.08,0.08,0.0,0.07,
1604-SOSTION350,65,2025-12,2.81,0.78,0.78,0.0,0.36,
1605-BBQSABR200,63,2025-12,0.02,0.08,0.08,0.0,0.07,
1608-MOS200G,1,2025-12,350.23,330.0,305.0,25.0,402.25,298.01
1608-MOS200G,4,2025-12,7.33,21.5,21.5,0.0,42.42,31.87
1608-MOS200G,5,2025-12,0.02,0.57,0.57,0.0,0.8,
1608-MOS200G,6,2025-12,0.04,1.12,1.12,0.0,0.68,
1608-MOS200G,7,2025-12,0.16,2.49,2.49,0.0,1.79,
1608-MOS200G,9,2025-12,9.56,26.5,26.5,0.0,44.83,39.08
1608-MOS200G,63,2025-12,0.18,0.79,0.79,0.0,2.03,0.58
1608-MOS200G,64,2025-12,1.67,1.04,1.04,0.0,0.67,
1608-MOS200G,65,2025-12,0.03,0.24,0.24,0.0,1.47,1.66
1608-MOS325GR,5,2025-12,0.01,0.17,0.17,0.0,0.25,
1608-MOS325GR,6,2025-12,0.06,0.3,0.3,0.0,0.35,
1608-MOS325GR,7,2025-12,0.01,0.04,0.04,0.0,0.14,
1608-MOS400GR,1,2025-12,210.64,160.5,160.5,0.0,126.1,125.98
1608-MOS400GR,4,2025-12,6.54,13.25,13.25,0.0,15.5,11.07
1608-MOS400GR,5,2025-12,0.03,0.55,0.55,0.0,1.44,
1608-MOS400GR,6,2025-12,0.14,0.83,0.83,0.0,0.32,
1608-MOS400GR,7,2025-12,0.02,0.75,0.75,0.0,0.53,
1608-MOS400GR,9,2025-12,4.14,8.75,8.75,0.0,13.25,13.5
1608-MOS400GR,24,2025-12,0.06,0.08,0.08,0.0,0.45,
1608-MOS400GR,63,2025-12,0.1,0.5,0.5,0.0,1.19,0.04
1608-MOS400GR,64,2025-12,0.06,0.62,0.62,0.0,0.32,0.25
1608-MOS400GR,65,2025-12,2.84,2.46,2.46,0.0,1.59,0.04
1608-MOS50GR,1,2025-12,1.43,13.56,0.0,13.56,26.2,
1608-MOS50GR,4,2025-12,0.06,0.6,0.0,0.6,0.48,
1608-MOS50GR,5,2025-12,0.01,0.01,0.01,0.0,0.13,
1608-MOS50GR,6,2025-12,0.02,0.15,0.15,0.0,0.15,
1608-MOS50GR,7,2025-12,0.02,0.19,0.19,0.0,0.12,
1608-MOS50GR,9,2025-12,0.15,2.28,0.0,2.28,5.24,
1608-MOS50GR,63,2025-12,0.01,0.01,0.01,0.0,0.11,
1608-MOSTGL,1,2025-12,128.46,278.25,278.25,0.0,434.17,226.5
1608-MOSTGL,4,2025-12,19.32,36.25,36.25,0.0,57.5,8.5
1608-MOSTGL,5,2025-12,0.07,1.5,1.5,0.0,1.92,
1608-MOSTGL,6,2025-12,0.01,0.25,0.25,0.0,1.08,
1608-MOSTGL,7,2025-12,0.02,0.25,0.25,0.0,2.0,
1608-MOSTGL,9,2025-12,2.82,10.75,10.75,0.0,20.25,34.12
1608-MOSTGL,24,2025-12,0.02,0.25,0.25,0.0,0.25,0.25
1608-MOSTGL,63,2025-12,0.28,1.5,1.5,0.0,4.92,0.5
1608-MOSTGL,64,2025-12,0.01,0.25,0.25,0.0,1.0,
1608-MOSTGL,65,2025-12,2.07,1.25,1.25,0.0,0.83,
1608-SANDW350GR,1,2025-12,36.6,47.81,16.75,31.06,58.52,33.25
1608-SANDW350GR,4,2025-12,7.24,12.0,12.0,0.0,13.5,1.75
1608-SANDW350GR,5,2025-12,0.02,0.42,0.42,0.0,1.18,
1608-SANDW350GR,6,2025-12,0.2,1.5,1.5,0.0,0.62,
1608-SANDW350GR,7,2025-12,0.03,0.12,0.12,0.0,0.23,
1608-SANDW350GR,9,2025-12,7.43,13.31,9.25,4.06,16.6,5.25
1608-SANDW350GR,12,2025-12,8.96,125.0,125.0,0.0,100.0,
1608-SANDW350GR,24,2025-12,0.01,0.13,0.13,0.0,0.5,
1608-SANDW350GR,63,2025-12,0.12,0.58,0.58,0.0,1.27,
1608-SANDW350GR,64,2025-12,1.21,0.84,0.84,0.0,0.88,0.25
1608-SANDW350GR,65,2025-12,0.93,1.18,1.18,0.0,0.98,0.08
1609-BBQ200VALU,30,2025-12,15.24,160.0,160.0,0.0,125.33,
1609-BBQVALUE,30,2025-12,9.53,144.0,144.0,0.0,176.0,
1609-MAY200HOND,12,2025-12,49.01,336.0,336.0,0.0,368.0,
1609-MAY400HO,12,2025-12,151.56,360.0,360.0,0.0,226.67,
1609-MAY680HOND,12,2025-12,17.62,276.0,276.0,0.0,172.0,
1609-MAYCLIC500,5,2025-12,0.01,0.13,0.13,0.0,0.15,
1609-MAYCLIC500,30,2025-12,384.88,384.0,384.0,0.0,384.0,
1609-MAYGOL500,30,2025-12,79.29,900.0,900.0,0.0,540.0,
1609-MAYGOLS200,30,2025-12,11.12,66.0,66.0,0.0,278.67,
1609-MAYO500MAC,30,2025-12,1001.83,536.0,536.0,0.0,808.0,
1609-MAYO507SQU,30,2025-12,5.95,72.0,72.0,0.0,127.67,
1609-MAYSAB500G,5,2025-12,0.01,0.08,0.08,0.0,0.48,
1609-MAYSAB500G,6,2025-12,0.02,0.42,0.42,0.0,0.38,
1609-MAYSAB500G,7,2025-12,0.01,0.04,0.04,0.0,0.11,
1609-MAYSAB500G,30,2025-12,1571.27,144.0,144.0,0.0,118.67,
1609-MAYSAB500G,63,2025-12,0.02,0.78,0.78,0.0,0.6,0.04
1609-MAYVALU200,30,2025-12,22.3,194.0,194.0,0.0,328.67,
1609-MAYXTRA500,30,2025-12,134.19,1508.0,1508.0,0.0,908.0,
1609-MAYXTRA820,30,2025-12,26.92,250.0,250.0,0.0,333.33,
1609-SAND325VAL,30,2025-12,47.83,96.0,96.0,0.0,78.67,
162-LBS,1,2025-12,1.33,6.0,4.0,2.0,4.0,
162-LBS,4,2025-12,0.02,1.0,1.0,0.0,1.33,
178-FCO-1,1,2025-12,43.73,47.0,47.0,0.0,53.0,38.0
178-FCO-1,4,2025-12,0.18,5.0,3.0,2.0,8.67,
178-FCO-1,5,2025-12,0.01,0.25,0.25,0.0,0.47,
178-FCO-1,9,2025-12,0.22,1.0,1.0,0.0,2.67,
178-FCO-1,63,2025-12,0.02,0.08,0.08,0.0,0.28,
178-LBS,1,2025-12,22.52,40.0,40.0,0.0,22.33,2.0
178-LBS,4,2025-12,0.04,1.0,1.0,0.0,1.67,
178-LBS,9,2025-12,0.12,1.0,1.0,0.0,5.33,2.0
2001-TOMATROZO,1,2025-12,121.51,868.0,868.0,0.0,864.33,
201-GL,1,2025-12,12.28,41.0,41.0,0.0,132.7,73.57
201-GL,4,2025-12,12.44,26.75,26.75,0.0,41.0,28.4
201-GL,5,2025-12,0.22,2.75,2.75,0.0,1.42,
201-GL,6,2025-12,0.02,0.25,0.25,0.0,0.58,
201-GL,7,2025-12,0.01,0.25,0.25,0.0,0.67,
201-GL,9,2025-12,3.82,16.0,16.0,0.0,63.09,36.91
201-GL,13,2025-12,1.24,6.0,6.0,0.0,30.33,
201-GL,14,2025-12,5.46,52.0,52.0,0.0,41.33,10.0
201-GL,63,2025-12,0.18,3.0,3.0,0.0,1.92,
201-GL,65,2025-12,0.08,1.5,1.5,0.0,0.75,
202-GL,1,2025-12,33.2,63.5,63.5,0.0,86.17,68.34
202-GL,4,2025-12,64.38,28.11,12.0,16.11,16.79,1.26
202-GL,9,2025-12,0.09,0.5,0.5,0.0,2.17,0.86
203-BUL-24,1,2025-12,24.68,85.75,85.75,0.0,229.25,293.06
203-BUL-24,4,2025-12,12.72,39.5,39.5,0.0,79.69,19.0
203-BUL-24,5,2025-12,0.03,0.04,0.04,0.0,3.15,
203-BUL-24,6,2025-12,0.01,0.21,0.21,0.0,1.03,
203-BUL-24,7,2025-12,0.05,1.19,1.19,0.0,1.48,
203-BUL-24,9,2025-12,16.5,40.25,40.25,0.0,66.76,12.75
203-BUL-24,24,2025-12,0.01,0.21,0.21,0.0,0.9,
203-BUL-24,63,2025-12,0.06,0.7,0.7,0.0,7.06,0.33
203-BUL-24,64,2025-12,0.42,0.98,0.98,0.0,1.87,0.34
203-BUL-24,65,2025-12,0.45,1.32,1.32,0.0,2.37,0.37
203-GL,1,2025-12,0.75,5.31,3.25,2.06,26.11,13.02
203-GL,4,2025-12,2.36,7.29,7.25,0.04,14.11,3.25
203-GL,6,2025-12,0.01,0.25,0.25,0.0,0.33,
203-GL,9,2025-12,0.55,1.29,1.25,0.04,2.1,5.75
2030-SACHET,1,2025-12,75.47,177.0,144.0,33.0,298.67,298.0
2030-SACHET,4,2025-12,29.09,82.0,82.0,0.0,132.33,76.0
2030-SACHET,5,2025-12,0.08,5.0,5.0,0.0,3.67,
2030-SACHET,7,2025-12,0.57,1.0,1.0,0.0,1.01,
2030-SACHET,9,2025-12,25.14,42.0,42.0,0.0,62.33,31.0
204-AH-SACO25K,1,2025-12,0.03,1.0,1.0,0.0,1.0,2.0
204-AH-SACO25K,9,2025-12,9.8,10.0,5.0,5.0,7.67,3.0
204-BUL-24,1,2025-12,83.21,260.0,260.0,0.0,536.68,270.75
204-BUL-24,4,2025-12,24.54,86.0,86.0,0.0,190.58,51.5
204-BUL-24,5,2025-12,0.17,3.91,3.91,0.0,5.06,
204-BUL-24,6,2025-12,0.02,0.63,0.63,0.0,1.01,
204-BUL-24,7,2025-12,0.05,1.11,1.11,0.0,1.34,
204-BUL-24,9,2025-12,38.51,99.75,99.75,0.0,195.32,51.5
204-BUL-24,10,2025-12,0.28,0.46,0.46,0.0,11.39,
204-BUL-24,28,2025-12,0.02,0.75,0.75,0.0,0.5,
204-BUL-24,63,2025-12,0.29,1.23,1.23,0.0,4.34,0.58
204-BUL-24,64,2025-12,0.16,0.49,0.49,0.0,1.1,0.08
204-BUL-24,65,2025-12,0.64,1.36,1.36,0.0,2.12,0.75
205-BUL-24,1,2025-12,75.87,167.25,167.25,0.0,293.42,686.41
205-BUL-24,4,2025-12,16.05,33.0,33.0,0.0,47.42,83.64
205-BUL-24,5,2025-12,0.07,3.99,3.99,0.0,3.6,
205-BUL-24,6,2025-12,0.02,0.25,0.25,0.0,1.46,
205-BUL-24,7,2025-12,0.02,0.37,0.37,0.0,0.9,
205-BUL-24,9,2025-12,24.17,50.75,50.75,0.0,80.17,159.97
205-BUL-24,10,2025-12,0.01,0.21,0.21,0.0,1.46,
205-BUL-24,63,2025-12,0.14,0.73,0.73,0.0,2.66,0.49
205-BUL-24,64,2025-12,1.45,1.57,1.57,0.0,1.33,0.08
205-BUL-24,65,2025-12,1.49,2.06,2.06,0.0,2.03,0.63
205-GL,1,2025-12,18.53,18.16,1.0,17.16,13.3,
205-GL,4,2025-12,7.44,12.23,0.0,12.23,14.89,3.5
205-GL,9,2025-12,0.13,0.5,0.5,0.0,1.08,1.25
206-BUL-24,1,2025-12,24.99,80.5,61.5,19.0,203.67,239.81
206-BUL-24,4,2025-12,149.13,168.36,47.5,120.86,190.41,271.51
206-BUL-24,5,2025-12,0.07,2.82,2.82,0.0,4.12,
206-BUL-24,6,2025-12,0.04,0.65,0.65,0.0,1.81,
206-BUL-24,7,2025-12,0.06,1.26,1.26,0.0,1.61,
206-BUL-24,9,2025-12,3.77,13.0,13.0,0.0,34.02,18.09
206-BUL-24,24,2025-12,0.01,0.04,0.04,0.0,0.58,
206-BUL-24,63,2025-12,0.04,0.32,0.32,0.0,2.43,0.29
206-BUL-24,64,2025-12,0.81,1.44,1.44,0.0,1.94,0.96
206-BUL-24,65,2025-12,0.36,0.91,0.91,0.0,1.73,
207-BU-24,1,2025-12,120.13,173.73,9.75,163.98,298.23,38.25
207-BU-24,4,2025-12,277.61,170.03,0.25,169.78,127.03,6.0
207-BU-24,5,2025-12,0.02,0.12,0.12,0.0,1.03,
207-BU-24,6,2025-12,0.02,0.25,0.25,0.0,0.45,
207-BU-24,7,2025-12,0.04,1.01,1.01,0.0,1.16,
207-BU-24,9,2025-12,9.14,31.0,0.5,30.5,88.22,4.75
207-BU-24,63,2025-12,0.01,0.12,0.12,0.0,1.19,0.29
207-BU-24,64,2025-12,0.46,1.05,1.05,0.0,1.56,0.67
207-BU-24,65,2025-12,0.19,1.0,1.0,0.0,3.1,1.17
207-BUL-24,1,2025-12,24.68,70.81,62.75,8.06,250.02,25.5
207-BUL-24,4,2025-12,41.42,88.76,39.5,49.26,132.36,4.75
207-BUL-24,5,2025-12,0.03,0.17,0.17,0.0,2.04,
207-BUL-24,6,2025-12,0.04,0.71,0.71,0.0,0.94,
207-BUL-24,7,2025-12,0.15,1.34,1.34,0.0,1.34,
207-BUL-24,9,2025-12,7.01,24.56,23.5,1.06,57.05,6.25
207-BUL-24,24,2025-12,0.07,0.67,0.67,0.0,0.32,
207-BUL-24,63,2025-12,0.03,0.25,0.25,0.0,2.2,0.67
207-BUL-24,64,2025-12,0.66,1.62,1.62,0.0,3.06,0.8
207-BUL-24,65,2025-12,0.25,1.18,1.18,0.0,2.91,0.04
209-BUL-24,1,2025-12,82.54,203.44,15.79,187.65,370.99,388.26
209-BUL-24,4,2025-12,442.39,568.73,53.0,515.73,583.29,354.66
209-BUL-24,5,2025-12,0.12,2.23,2.23,0.0,2.25,
209-BUL-24,6,2025-12,0.04,0.76,0.76,0.0,1.01,
209-BUL-24,7,2025-12,0.06,1.0,1.0,0.0,1.78,
209-BUL-24,9,2025-12,20.88,51.53,26.25,25.28,130.36,100.15
209-BUL-24,10,2025-12,0.02,0.5,0.5,0.0,1.33,
209-BUL-24,63,2025-12,0.1,0.73,0.73,0.0,2.81,0.61
209-BUL-24,64,2025-12,0.01,0.12,0.12,0.0,0.91,
209-BUL-24,65,2025-12,0.78,1.38,1.38,0.0,1.64,0.58
211-BUL-24,1,2025-12,0.16,0.12,0.0,0.12,22.77,
211-BUL-24,4,2025-12,0.65,18.24,0.0,18.24,18.81,
211-BUL-24,5,2025-12,0.06,0.33,0.33,0.0,0.67,
211-BUL-24,6,2025-12,0.01,0.04,0.04,0.0,0.14,
211-BUL-24,7,2025-12,0.06,0.46,0.46,0.0,0.34,
211-BUL-24,9,2025-12,0.21,2.24,2.0,0.24,1.41,
24U.-MAYO LIMON,1,2025-12,61.02,221.15,128.25,92.9,414.65,141.68
24U.-MAYO LIMON,4,2025-12,52.5,184.4,166.5,17.9,340.61,70.0
24U.-MAYO LIMON,5,2025-12,0.01,0.12,0.12,0.0,0.5,
24U.-MAYO LIMON,6,2025-12,0.02,0.57,0.57,0.0,0.64,
24U.-MAYO LIMON,7,2025-12,0.01,0.04,0.04,0.0,0.43,
24U.-MAYO LIMON,9,2025-12,7.69,24.43,15.25,9.18,47.53,10.25
24U.-MAYO LIMON,63,2025-12,0.01,0.08,0.08,0.0,0.8,0.04
24U.-MAYO LIMON,64,2025-12,4.22,1.71,1.71,0.0,1.02,0.2
24U.-MAYO LIMON,65,2025-12,0.16,0.44,0.44,0.0,0.65,0.12
306-CJA-12-24,1,2025-12,96.78,330.75,330.75,0.0,690.0,294.25
306-CJA-12-24,4,2025-12,51.73,105.25,105.25,0.0,157.5,53.21
306-CJA-12-24,5,2025-12,0.07,1.96,1.96,0.0,2.18,
306-CJA-12-24,6,2025-12,0.01,0.24,0.24,0.0,0.74,
306-CJA-12-24,7,2025-12,0.02,0.08,0.08,0.0,2.13,
306-CJA-12-24,9,2025-12,64.46,109.36,90.0,19.36,142.29,52.49
306-CJA-12-24,28,2025-12,0.02,0.16,0.16,0.0,0.22,
306-CJA-12-24,63,2025-12,0.15,0.74,0.74,0.0,3.08,0.25
306-CJA-12-24,64,2025-12,0.03,0.24,0.24,0.0,1.03,0.08
306-CJA-12-24,65,2025-12,0.04,0.16,0.16,0.0,0.32,0.25
306-CJA-24-10.5,1,2025-12,53.85,191.25,191.25,0.0,416.44,193.05
306-CJA-24-10.5,4,2025-12,24.25,55.75,55.75,0.0,94.86,39.0
306-CJA-24-10.5,5,2025-12,0.05,1.07,1.07,0.0,3.25,
306-CJA-24-10.5,6,2025-12,0.01,0.33,0.33,0.0,0.52,
306-CJA-24-10.5,7,2025-12,0.04,0.7,0.7,0.0,0.41,
306-CJA-24-10.5,9,2025-12,25.86,68.0,68.0,0.0,111.0,40.0
306-CJA-24-10.5,63,2025-12,0.12,0.49,0.49,0.0,1.17,0.2
306-CJA-24-10.5,64,2025-12,0.04,0.08,0.08,0.0,0.17,
306-CJA-24-10.5,65,2025-12,0.01,0.08,0.08,0.0,0.32,0.24
306-CJA-24-5.5,1,2025-12,75.33,214.5,214.5,0.0,406.31,216.0
306-CJA-24-5.5,4,2025-12,50.97,92.5,92.5,0.0,125.75,47.5
306-CJA-24-5.5,5,2025-12,0.02,1.29,1.29,0.0,0.84,
306-CJA-24-5.5,6,2025-12,0.01,0.16,0.16,0.0,0.27,
306-CJA-24-5.5,7,2025-12,0.02,0.21,0.21,0.0,0.22,
306-CJA-24-5.5,9,2025-12,80.29,130.25,90.25,40.0,158.08,58.45
306-CJA-24-5.5,63,2025-12,0.03,0.24,0.24,0.0,1.05,0.16
306-CJA-24-5.5,64,2025-12,0.2,0.2,0.2,0.0,0.22,0.29
306-CJA-24-5.5,65,2025-12,6.09,1.49,1.49,0.0,0.69,0.04
307-CJA-12-24,1,2025-12,25.26,66.25,66.25,0.0,118.42,297.71
307-CJA-12-24,4,2025-12,14.38,29.5,29.5,0.0,42.25,21.5
307-CJA-12-24,5,2025-12,0.07,1.91,1.91,0.0,1.76,
307-CJA-12-24,6,2025-12,0.02,0.65,0.65,0.0,0.99,
307-CJA-12-24,7,2025-12,0.02,0.4,0.4,0.0,1.85,
307-CJA-12-24,9,2025-12,4.15,14.25,14.25,0.0,30.58,11.75
307-CJA-12-24,63,2025-12,0.21,0.57,0.57,0.0,1.54,0.24
307-CJA-12-24,64,2025-12,0.49,0.9,0.9,0.0,1.06,0.83
307-CJA-12-24,65,2025-12,0.2,0.49,0.49,0.0,0.83,0.08
307-CJA-24-10.5,1,2025-12,23.57,51.5,51.5,0.0,92.92,48.5
307-CJA-24-10.5,4,2025-12,31.4,39.25,39.25,0.0,39.08,9.5
307-CJA-24-10.5,5,2025-12,0.02,0.66,0.66,0.0,0.99,
307-CJA-24-10.5,6,2025-12,0.01,0.12,0.12,0.0,0.47,
307-CJA-24-10.5,7,2025-12,0.01,0.12,0.12,0.0,0.48,
307-CJA-24-10.5,9,2025-12,8.85,18.75,18.75,0.0,29.0,7.0
307-CJA-24-10.5,24,2025-12,0.06,0.54,0.54,0.0,0.27,
307-CJA-24-10.5,63,2025-12,0.03,0.24,0.24,0.0,0.97,0.33
307-CJA-24-10.5,64,2025-12,1.14,1.21,1.21,0.0,1.03,0.24
307-CJA-24-10.5,65,2025-12,0.77,0.46,0.46,0.0,0.3,0.04
307-CJA-24-5.5,1,2025-12,16.29,56.49,50.25,6.24,123.5,65.5
307-CJA-24-5.5,4,2025-12,61.5,60.9,20.5,40.4,52.22,30.15
307-CJA-24-5.5,5,2025-12,0.01,0.16,0.16,0.0,0.49,
307-CJA-24-5.5,6,2025-12,0.04,0.62,0.62,0.0,0.47,
307-CJA-24-5.5,7,2025-12,0.01,0.08,0.08,0.0,0.41,
307-CJA-24-5.5,9,2025-12,11.52,27.48,19.5,7.98,42.21,14.11
307-CJA-24-5.5,63,2025-12,0.03,0.24,0.24,0.0,1.31,0.24
307-CJA-24-5.5,64,2025-12,0.05,0.24,0.24,0.0,0.56,
307-CJA-24-5.5,65,2025-12,0.11,0.32,0.32,0.0,0.65,0.04
308-CAJA-12-24,1,2025-12,32.24,85.25,85.25,0.0,148.5,213.36
308-CAJA-12-24,4,2025-12,16.24,26.25,26.25,0.0,30.75,22.33
308-CAJA-12-24,5,2025-12,0.02,0.49,0.49,0.0,0.54,
308-CAJA-12-24,6,2025-12,0.02,0.66,0.66,0.0,0.63,
308-CAJA-12-24,7,2025-12,0.01,0.08,0.08,0.0,0.3,
308-CAJA-12-24,9,2025-12,4.34,12.75,12.75,0.0,23.83,28.43
308-CAJA-12-24,63,2025-12,0.19,0.5,0.5,0.0,1.02,1.83
308-CAJA-12-24,64,2025-12,0.22,0.66,0.66,0.0,1.16,0.08
308-CAJA-12-24,65,2025-12,0.02,0.16,0.16,0.0,0.69,0.08
308-CJA-24-10.5,1,2025-12,48.95,79.0,79.0,0.0,95.42,41.25
308-CJA-24-10.5,4,2025-12,14.84,17.5,17.5,0.0,18.17,9.3
308-CJA-24-10.5,5,2025-12,0.04,0.95,0.95,0.0,1.78,
308-CJA-24-10.5,6,2025-12,0.02,0.92,0.92,0.0,0.71,
308-CJA-24-10.5,7,2025-12,0.02,0.49,0.49,0.0,0.46,
308-CJA-24-10.5,9,2025-12,12.25,16.5,16.5,0.0,17.92,5.75
308-CJA-24-10.5,24,2025-12,0.02,0.04,0.04,0.0,0.05,
308-CJA-24-10.5,63,2025-12,0.06,0.2,0.2,0.0,0.78,0.29
308-CJA-24-10.5,64,2025-12,0.25,0.32,0.32,0.0,0.26,0.13
308-CJA-24-10.5,65,2025-12,0.69,0.67,0.67,0.0,0.55,0.04
308-CJA-24-5.5,1,2025-12,40.98,77.75,77.75,0.0,120.79,110.8
308-CJA-24-5.5,4,2025-12,7.73,18.75,18.75,0.0,33.42,19.56
308-CJA-24-5.5,5,2025-12,0.02,0.2,0.2,0.0,0.23,
308-CJA-24-5.5,6,2025-12,0.02,0.51,0.51,0.0,0.46,
308-CJA-24-5.5,7,2025-12,0.02,0.67,0.67,0.0,0.61,
308-CJA-24-5.5,9,2025-12,9.15,23.28,21.5,1.78,39.01,16.64
308-CJA-24-5.5,63,2025-12,0.03,0.16,0.16,0.0,0.57,0.41
308-CJA-24-5.5,64,2025-12,0.01,0.08,0.08,0.0,0.58,0.25
308-CJA-24-5.5,65,2025-12,0.22,0.16,0.16,0.0,0.2,0.12
313-TRIO 8 5.5,1,2025-12,2720.34,2785.0,2785.0,0.0,2552.33,1115.0
313-TRIO 8 5.5,4,2025-12,170.36,263.0,263.0,0.0,353.33,50.0
313-TRIO 8 5.5,5,2025-12,0.28,6.28,6.28,0.0,6.67,
313-TRIO 8 5.5,6,2025-12,0.01,0.26,0.26,0.0,0.39,
313-TRIO 8 5.5,7,2025-12,0.01,0.13,0.13,0.0,0.98,
313-TRIO 8 5.5,9,2025-12,134.13,288.0,288.0,0.0,498.67,166.0
313-TRIO 8 5.5,13,2025-12,50.7,720.0,720.0,0.0,723.33,
313-TRIO 8 5.5,14,2025-12,32.75,240.0,240.0,0.0,351.67,
313-TRIO 8 5.5,20,2025-12,38.27,480.0,480.0,0.0,860.0,
313-TRIO 8 5.5,24,2025-12,0.05,0.38,0.38,0.0,0.46,
313-TRIO 8 5.5,63,2025-12,0.05,0.52,0.52,0.0,6.58,1.02
313-TRIO 8 5.5,64,2025-12,0.08,0.13,0.13,0.0,0.34,0.89
313-TRIO 8 5.5,65,2025-12,1.44,1.27,1.27,0.0,1.01,0.38
325GR-CJA24U.,5,2025-12,0.01,0.12,0.12,0.0,0.19,
401-OTR,1,2025-12,12.19,67.0,66.0,1.0,226.67,96.0
401-OTR,4,2025-12,46.91,70.0,70.0,0.0,71.33,11.0
401-OTR,5,2025-12,0.01,0.24,0.24,0.0,0.41,
401-OTR,6,2025-12,0.01,0.08,0.08,0.0,0.19,
401-OTR,7,2025-12,0.02,0.08,0.08,0.0,0.14,
401-OTR,9,2025-12,31.42,27.0,14.0,13.0,21.0,7.0
401-OTR,63,2025-12,0.06,0.32,0.32,0.0,2.19,
407-DUOCHICON,1,2025-12,2.19,21.54,0.0,21.54,29.88,
407-DUOCHICON,4,2025-12,5.23,55.0,0.0,55.0,120.43,
407-DUOCHICON,5,2025-12,0.02,0.08,0.08,0.0,0.08,
407-DUOCHICON,6,2025-12,0.01,0.25,0.25,0.0,0.31,
407-DUOCHICON,7,2025-12,0.02,0.33,0.33,0.0,0.22,
407-DUOCHICON,9,2025-12,2.64,27.06,0.0,27.06,39.45,
408-CAJA/24,1,2025-12,163.09,183.5,183.5,0.0,185.83,88.0
408-CAJA/24,4,2025-12,35.03,54.75,54.75,0.0,65.67,30.5
408-CAJA/24,5,2025-12,0.07,1.02,1.02,0.0,0.57,
408-CAJA/24,6,2025-12,0.01,0.08,0.08,0.0,0.57,
408-CAJA/24,7,2025-12,0.01,0.17,0.17,0.0,0.35,
408-CAJA/24,9,2025-12,11.86,30.0,30.0,0.0,49.42,18.96
408-CAJA/24,63,2025-12,0.07,1.84,1.84,0.0,0.91,0.24
408-CAJA/24,64,2025-12,0.06,0.2,0.2,0.0,0.3,0.04
408-CAJA/24,65,2025-12,0.04,0.08,0.08,0.0,0.29,0.08
409-CAJA/24,1,2025-12,158.45,161.75,161.75,0.0,155.58,90.25
409-CAJA/24,4,2025-12,33.69,42.25,42.25,0.0,41.12,28.71
409-CAJA/24,5,2025-12,0.02,0.58,0.58,0.0,0.56,
409-CAJA/24,6,2025-12,0.01,0.41,0.41,0.0,0.52,
409-CAJA/24,7,2025-12,0.01,0.17,0.17,0.0,0.23,
409-CAJA/24,9,2025-12,6.69,15.75,15.75,0.0,28.09,11.25
409-CAJA/24,24,2025-12,0.01,0.08,0.08,0.0,0.29,
409-CAJA/24,63,2025-12,0.05,0.2,0.2,0.0,0.56,0.33
409-CAJA/24,64,2025-12,0.04,0.2,0.2,0.0,0.59,0.38
409-CAJA/24,65,2025-12,0.58,0.58,0.58,0.0,0.44,
410-CAJA/12,1,2025-12,31.79,98.5,98.5,0.0,195.92,272.59
410-CAJA/12,4,2025-12,24.16,48.5,48.5,0.0,70.42,20.78
410-CAJA/12,5,2025-12,0.01,0.33,0.33,0.0,0.46,
410-CAJA/12,6,2025-12,0.01,0.17,0.17,0.0,0.58,
410-CAJA/12,7,2025-12,0.02,0.32,0.32,0.0,0.33,
410-CAJA/12,9,2025-12,10.4,25.37,17.25,8.12,38.21,28.45
410-CAJA/12,24,2025-12,0.05,0.25,0.25,0.0,0.14,
410-CAJA/12,63,2025-12,0.1,0.41,0.41,0.0,8.4,0.16
410-CAJA/12,64,2025-12,2.09,1.25,1.25,0.0,1.07,0.08
410-CAJA/12,65,2025-12,1.2,1.57,1.57,0.0,1.24,0.08
418-CJA 24,1,2025-12,29.19,213.34,0.0,213.34,304.21,
418-CJA 24,4,2025-12,1.33,19.12,0.0,19.12,12.46,
418-CJA 24,5,2025-12,0.26,0.12,0.12,0.0,0.19,
418-CJA 24,6,2025-12,0.52,0.62,0.62,0.0,0.69,
418-CJA 24,7,2025-12,0.1,0.12,0.12,0.0,0.26,
418-CJA 24,9,2025-12,1.43,14.2,0.0,14.2,27.26,
419-CJA 24,1,2025-12,26.49,223.28,0.0,223.28,302.75,
419-CJA 24,4,2025-12,0.17,3.0,0.0,3.0,6.58,
419-CJA 24,5,2025-12,0.13,0.13,0.13,0.0,0.43,
419-CJA 24,6,2025-12,0.03,0.21,0.21,0.0,3.44,
419-CJA 24,7,2025-12,0.03,0.21,0.21,0.0,0.28,
419-CJA 24,9,2025-12,0.37,2.0,2.0,0.0,21.81,
424-175GRS.,1,2025-12,105.25,251.61,199.5,52.11,523.85,948.22
424-175GRS.,4,2025-12,21.61,47.58,47.58,0.0,96.56,75.3
424-175GRS.,5,2025-12,0.03,0.74,0.74,0.0,1.51,
424-175GRS.,6,2025-12,0.01,0.17,0.17,0.0,0.58,
424-175GRS.,7,2025-12,0.01,0.16,0.16,0.0,0.62,
424-175GRS.,9,2025-12,22.99,57.33,57.33,0.0,95.09,177.79
424-175GRS.,63,2025-12,0.04,0.25,0.25,0.0,2.42,0.83
424-175GRS.,64,2025-12,0.01,0.08,0.08,0.0,0.8,
424-175GRS.,65,2025-12,1.35,1.49,1.49,0.0,1.25,0.08
425-HONGOS 6LBS,1,2025-12,3.31,5.02,0.0,5.02,4.45,
425-HONGOS 6LBS,4,2025-12,267.14,98.03,0.0,98.03,49.46,17.41
425-HONGOS 6LBS,5,2025-12,0.01,0.33,0.33,0.0,0.39,
425-HONGOS 6LBS,7,2025-12,0.01,0.17,0.17,0.0,0.22,
425-HONGOS 6LBS,9,2025-12,56.07,51.24,0.0,51.24,38.23,16.22
428-HONENTEROS,1,2025-12,178.98,169.82,0.13,169.69,120.5,16.25
428-HONENTEROS,4,2025-12,282.29,212.34,0.0,212.34,128.6,5.87
428-HONENTEROS,5,2025-12,0.02,0.95,0.95,0.0,1.17,
428-HONENTEROS,6,2025-12,0.01,0.33,0.33,0.0,0.57,
428-HONENTEROS,7,2025-12,0.02,0.54,0.54,0.0,0.74,
428-HONENTEROS,9,2025-12,82.69,60.3,0.0,60.3,41.04,3.75
428-HONENTEROS,24,2025-12,0.01,0.13,0.13,0.0,0.23,
428-HONENTEROS,63,2025-12,0.01,0.12,0.12,0.0,0.8,0.16
428-HONENTEROS,64,2025-12,0.48,0.46,0.46,0.0,0.5,0.04
428-HONENTEROS,65,2025-12,0.06,0.25,0.25,0.0,0.45,0.04
429-HONPEDAZOS,1,2025-12,286.08,325.86,16.5,309.36,254.26,300.02
429-HONPEDAZOS,4,2025-12,254.6,225.82,0.0,225.82,148.65,44.68
429-HONPEDAZOS,5,2025-12,0.02,0.54,0.54,0.0,0.59,
429-HONPEDAZOS,6,2025-12,0.02,0.67,0.67,0.0,0.61,
429-HONPEDAZOS,7,2025-12,0.04,0.58,0.58,0.0,0.53,
429-HONPEDAZOS,9,2025-12,65.68,100.26,0.0,100.26,97.01,5.29
429-HONPEDAZOS,24,2025-12,0.02,0.46,0.46,0.0,0.29,
429-HONPEDAZOS,63,2025-12,0.02,0.21,0.21,0.0,2.0,0.08
429-HONPEDAZOS,64,2025-12,0.01,0.04,0.04,0.0,0.12,0.04
429-HONPEDAZOS,65,2025-12,0.04,0.08,0.08,0.0,0.16,
430-CJA24,1,2025-12,4.44,105.0,0.0,105.0,88.02,14.5
430-CJA24,4,2025-12,0.05,1.0,0.0,1.0,1.39,
430-CJA24,5,2025-12,0.02,0.5,0.5,0.0,0.36,
430-CJA24,6,2025-12,0.02,0.04,0.04,0.0,0.04,
430-CJA24,7,2025-12,0.01,0.04,0.04,0.0,0.18,
430-CJA24,9,2025-12,0.15,2.81,2.75,0.06,3.44,5.62
430-CJA24,63,2025-12,0.05,0.12,0.12,0.0,0.08,0.08
430-CJA24,64,2025-12,0.04,0.54,0.54,0.0,0.37,
430-CJA24,65,2025-12,0.04,0.54,0.54,0.0,0.34,
431-CJA24,1,2025-12,30.06,104.75,104.75,0.0,234.17,128.16
431-CJA24,4,2025-12,29.42,50.75,50.75,0.0,57.08,9.5
431-CJA24,5,2025-12,0.02,0.86,0.86,0.0,0.85,
431-CJA24,6,2025-12,0.01,0.04,0.04,0.0,0.14,
431-CJA24,7,2025-12,0.02,0.29,0.29,0.0,0.38,
431-CJA24,9,2025-12,27.41,59.0,59.0,0.0,88.17,25.0
431-CJA24,63,2025-12,0.08,0.4,0.4,0.0,1.42,0.04
431-CJA24,64,2025-12,1.23,0.59,0.59,0.0,0.32,
431-CJA24,65,2025-12,0.2,0.28,0.28,0.0,0.24,0.04
432-CJA24,1,2025-12,8.45,21.5,21.5,0.0,45.83,14.0
432-CJA24,4,2025-12,1.17,4.0,4.0,0.0,8.08,1.0
432-CJA24,5,2025-12,0.02,0.12,0.12,0.0,0.18,
432-CJA24,6,2025-12,0.02,0.58,0.58,0.0,0.42,
432-CJA24,7,2025-12,0.02,0.63,0.63,0.0,0.93,
432-CJA24,9,2025-12,0.86,3.0,3.0,0.0,7.33,5.74
432-CJA24,63,2025-12,0.01,0.04,0.04,0.0,0.49,0.04
432-CJA24,64,2025-12,0.09,0.29,0.29,0.0,0.46,0.21
432-CJA24,65,2025-12,0.09,0.41,0.41,0.0,0.82,0.04
433-CJA24,1,2025-12,54.98,208.75,208.75,0.0,473.17,127.24
433-CJA24,4,2025-12,49.54,66.75,66.75,0.0,67.42,14.25
433-CJA24,5,2025-12,0.02,1.39,1.39,0.0,1.11,
433-CJA24,6,2025-12,0.02,0.63,0.63,0.0,0.46,
433-CJA24,7,2025-12,0.02,0.2,0.2,0.0,0.2,
433-CJA24,9,2025-12,33.48,61.5,61.5,0.0,87.25,23.25
433-CJA24,24,2025-12,0.01,0.04,0.04,0.0,0.11,
433-CJA24,63,2025-12,0.04,0.24,0.24,0.0,0.99,0.17
433-CJA24,64,2025-12,0.1,0.2,0.2,0.0,0.27,
433-CJA24,65,2025-12,0.15,0.36,0.36,0.0,0.47,0.04
434-CJA12,1,2025-12,236.4,551.25,551.25,0.0,1132.92,479.0
434-CJA12,4,2025-12,164.72,194.0,194.0,0.0,191.75,42.75
434-CJA12,5,2025-12,0.1,0.91,0.91,0.0,1.69,
434-CJA12,6,2025-12,0.01,0.16,0.16,0.0,0.21,
434-CJA12,7,2025-12,0.01,0.08,0.08,0.0,0.24,
434-CJA12,9,2025-12,56.69,116.25,116.25,0.0,175.17,49.5
434-CJA12,12,2025-12,10.16,105.0,105.0,0.0,85.0,
434-CJA12,63,2025-12,0.04,0.32,0.32,0.0,2.23,0.33
434-CJA12,64,2025-12,0.29,0.41,0.41,0.0,0.38,
434-CJA12,65,2025-12,0.18,0.24,0.24,0.0,0.27,
434-CJA24,1,2025-12,4793.72,2664.5,2664.5,0.0,1488.58,110.5
434-CJA24,4,2025-12,56.64,76.25,76.25,0.0,60.67,17.75
434-CJA24,5,2025-12,0.1,1.0,1.0,0.0,3.34,
434-CJA24,6,2025-12,0.03,0.08,0.08,0.0,0.1,
434-CJA24,7,2025-12,0.28,1.0,1.0,0.0,0.97,
434-CJA24,9,2025-12,19.5,70.25,70.25,0.0,130.58,112.3
434-CJA24,10,2025-12,0.04,0.21,0.21,0.0,3.33,
434-CJA24,24,2025-12,0.04,0.42,0.42,0.0,0.59,
434-CJA24,25,2025-12,0.27,1.46,1.46,0.0,0.68,
434-CJA24,63,2025-12,0.09,0.25,0.25,0.0,0.48,0.74
434-CJA24,64,2025-12,0.05,0.12,0.12,0.0,0.14,
434-CJA24,65,2025-12,0.51,1.17,1.17,0.0,1.32,0.12
435-BOLSA250G,1,2025-12,67.12,227.25,227.25,0.0,466.43,109.5
435-BOLSA250G,4,2025-12,16.9,37.25,37.25,0.0,55.33,12.75
435-BOLSA250G,5,2025-12,0.02,0.92,0.92,0.0,1.02,
435-BOLSA250G,6,2025-12,0.01,0.13,0.13,0.0,0.19,
435-BOLSA250G,7,2025-12,0.01,0.12,0.12,0.0,0.19,
435-BOLSA250G,9,2025-12,22.31,48.25,48.25,0.0,80.42,22.5
435-BOLSA250G,10,2025-12,0.04,0.96,0.96,0.0,0.56,0.33
435-BOLSA250G,63,2025-12,0.05,0.4,0.4,0.0,2.47,1.7
435-BOLSA250G,64,2025-12,0.42,0.29,0.29,0.0,0.26,0.08
435-BOLSA250G,65,2025-12,0.32,0.25,0.25,0.0,0.23,
435-CJA-24,1,2025-12,0.62,17.0,0.0,17.0,12.67,
435-CJA-24,4,2025-12,0.36,1.0,0.0,1.0,1.67,
435-CJA-24,5,2025-12,0.01,0.04,0.04,0.0,0.18,
435-CJA-24,7,2025-12,0.02,0.08,0.08,0.0,0.11,
435-CJA-24,9,2025-12,0.8,3.0,0.0,3.0,3.67,
435-CJA-24,13,2025-12,8.01,180.0,180.0,0.0,133.33,
435-CJA-24,14,2025-12,77.43,420.0,420.0,0.0,260.0,255.0
435-CJA-24,30,2025-12,164.91,1200.0,1200.0,0.0,740.0,
435-CJA12,1,2025-12,13.23,31.25,18.25,13.0,51.19,24.5
435-CJA12,4,2025-12,5.51,7.0,7.0,0.0,12.67,5.0
435-CJA12,5,2025-12,0.02,0.5,0.5,0.0,0.5,
435-CJA12,6,2025-12,0.18,0.92,0.92,0.0,0.39,
435-CJA12,7,2025-12,0.02,1.0,1.0,0.0,0.86,
435-CJA12,9,2025-12,1.71,4.75,4.75,0.0,8.78,4.25
435-CJA12,24,2025-12,0.06,1.08,1.08,0.0,0.53,
435-CJA12,63,2025-12,0.02,0.08,0.08,0.0,0.3,0.08
435-CJA12,64,2025-12,0.02,0.08,0.08,0.0,0.08,0.25
435-CJA12,65,2025-12,0.71,0.84,0.84,0.0,0.75,0.25
435-SACHE-K9G,1,2025-12,70.3,91.0,91.0,0.0,101.69,498.0
435-SACHE-K9G,4,2025-12,27.31,38.0,38.0,0.0,47.67,96.0
435-SACHE-K9G,5,2025-12,0.16,5.0,5.0,0.0,3.33,
435-SACHE-K9G,7,2025-12,0.11,2.0,2.0,0.0,3.67,
435-SACHE-K9G,9,2025-12,60.89,132.0,85.0,47.0,187.0,426.0
435-SACHE-K9G,63,2025-12,0.02,1.01,1.01,0.0,1.17,
435-SACHE-K9G,65,2025-12,0.22,2.0,2.0,0.0,1.67,1.0
436-CJA24,1,2025-12,10.93,51.0,51.0,0.0,255.92,55.0
436-CJA24,4,2025-12,3.06,11.0,11.0,0.0,19.67,2.0
436-CJA24,5,2025-12,0.03,0.83,0.83,0.0,0.66,
436-CJA24,6,2025-12,0.04,0.21,0.21,0.0,0.14,
436-CJA24,7,2025-12,0.01,0.04,0.04,0.0,0.62,
436-CJA24,9,2025-12,6.68,13.5,13.5,0.0,22.67,7.0
436-CJA24,12,2025-12,4.17,60.0,60.0,0.0,61.67,
436-CJA24,13,2025-12,1.9,35.0,35.0,0.0,40.33,
436-CJA24,14,2025-12,5.31,33.0,33.0,0.0,57.33,
436-CJA24,20,2025-12,192.8,240.0,240.0,0.0,304.0,
436-CJA24,24,2025-12,0.02,0.04,0.04,0.0,0.07,
436-CJA24,63,2025-12,0.02,0.62,0.62,0.0,0.49,
436-CJA24,64,2025-12,0.01,0.04,0.04,0.0,0.23,
436-CJA24,65,2025-12,0.06,0.62,0.62,0.0,0.34,
437-CJA-12,1,2025-12,16.24,74.0,74.0,0.0,195.42,81.75
437-CJA-12,4,2025-12,6.9,20.25,20.25,0.0,36.5,6.53
437-CJA-12,5,2025-12,0.03,0.66,0.66,0.0,1.8,
437-CJA-12,6,2025-12,0.02,0.66,0.66,0.0,1.05,
437-CJA-12,7,2025-12,0.02,0.99,0.99,0.0,1.32,
437-CJA-12,9,2025-12,19.64,28.25,28.25,0.0,32.0,10.5
437-CJA-12,24,2025-12,0.01,0.08,0.08,0.0,0.11,
437-CJA-12,63,2025-12,0.39,0.5,0.5,0.0,1.08,0.16
437-CJA-12,64,2025-12,0.09,0.24,0.24,0.0,0.55,0.25
437-CJA-12,65,2025-12,0.72,0.74,0.74,0.0,1.08,0.08
438-GALON,1,2025-12,52.4,179.4,179.4,0.0,393.97,762.24
438-GALON,4,2025-12,39.83,61.07,61.07,0.0,70.16,18.87
438-GALON,5,2025-12,0.69,16.69,16.69,0.0,9.4,
438-GALON,6,2025-12,0.01,0.17,0.17,0.0,0.78,
438-GALON,7,2025-12,0.16,4.35,4.35,0.0,9.45,
438-GALON,9,2025-12,30.12,82.05,82.05,0.0,152.73,134.71
438-GALON,10,2025-12,0.34,0.83,0.83,0.0,1.11,
438-GALON,13,2025-12,6.09,84.0,84.0,0.0,87.67,
438-GALON,14,2025-12,63.28,420.0,420.0,0.0,224.0,70.0
438-GALON,20,2025-12,284.74,651.0,651.0,0.0,1722.0,
438-GALON,63,2025-12,0.08,0.68,0.68,0.0,5.64,0.17
438-GALON,64,2025-12,0.02,0.17,0.17,0.0,0.17,
438-GALON,65,2025-12,0.61,2.18,2.18,0.0,3.89,0.5
439-BOLSA,1,2025-12,44.53,114.75,114.75,0.0,232.33,65.0
439-BOLSA,4,2025-12,7.87,30.0,30.0,0.0,76.83,10.0
439-BOLSA,5,2025-12,0.03,0.92,0.92,0.0,1.07,
439-BOLSA,6,2025-12,0.04,1.92,1.92,0.0,1.75,
439-BOLSA,7,2025-12,0.02,0.08,0.08,0.0,0.16,
439-BOLSA,9,2025-12,25.89,49.25,49.25,0.0,73.67,17.01
439-BOLSA,10,2025-12,0.04,1.71,1.71,0.0,1.36,
439-BOLSA,12,2025-12,1.56,20.0,20.0,0.0,46.67,
439-BOLSA,24,2025-12,0.02,0.5,0.5,0.0,1.63,
439-BOLSA,63,2025-12,0.01,0.08,0.08,0.0,1.63,1.17
439-BOLSA,64,2025-12,0.01,0.25,0.25,0.0,1.16,
439-BOLSA,65,2025-12,0.02,0.04,0.04,0.0,0.65,1.0
440-BOLSA,1,2025-12,26.84,119.25,119.25,0.0,439.42,119.25
440-BOLSA,4,2025-12,28.75,63.0,63.0,0.0,97.33,6.5
440-BOLSA,5,2025-12,0.02,0.55,0.55,0.0,0.68,
440-BOLSA,6,2025-12,0.02,0.21,0.21,0.0,0.46,
440-BOLSA,7,2025-12,0.01,0.04,0.04,0.0,0.36,
440-BOLSA,9,2025-12,37.64,72.0,72.0,0.0,107.92,20.5
440-BOLSA,24,2025-12,0.04,0.76,0.76,0.0,2.47,
440-BOLSA,63,2025-12,0.33,2.78,2.78,0.0,2.23,0.5
440-BOLSA,64,2025-12,1.95,2.59,2.59,0.0,5.1,0.54
440-BOLSA,65,2025-12,0.29,0.63,0.63,0.0,1.92,0.08
441-BOLSA,1,2025-12,35.11,134.75,134.75,0.0,375.75,91.5
441-BOLSA,4,2025-12,10.65,30.0,30.0,0.0,62.17,23.0
441-BOLSA,5,2025-12,0.02,0.79,0.79,0.0,0.86,
441-BOLSA,6,2025-12,0.3,1.08,1.08,0.0,0.96,
441-BOLSA,7,2025-12,0.03,1.01,1.01,0.0,0.75,
441-BOLSA,9,2025-12,13.96,31.25,31.25,0.0,52.42,14.5
441-BOLSA,12,2025-12,1.91,25.0,25.0,0.0,48.33,
441-BOLSA,24,2025-12,0.49,2.41,2.41,0.0,1.17,
441-BOLSA,63,2025-12,0.07,0.67,0.67,0.0,2.98,1.58
441-BOLSA,64,2025-12,1.27,0.83,0.83,0.0,2.42,0.55
441-BOLSA,65,2025-12,0.09,0.37,0.37,0.0,1.61,0.66
442-BOLSA,1,2025-12,711.04,725.31,0.0,725.31,552.17,696.6
442-BOLSA,4,2025-12,61.05,86.4,15.75,70.65,82.19,71.1
442-BOLSA,5,2025-12,0.02,0.27,0.27,0.0,1.28,
442-BOLSA,6,2025-12,0.02,0.8,0.8,0.0,0.57,
442-BOLSA,7,2025-12,0.04,1.01,1.01,0.0,0.88,
442-BOLSA,9,2025-12,122.24,146.7,9.35,137.35,126.94,34.08
442-BOLSA,10,2025-12,0.1,1.0,1.0,0.0,0.42,
442-BOLSA,63,2025-12,0.01,0.09,0.09,0.0,0.98,0.16
442-BOLSA,64,2025-12,3.11,1.64,1.64,0.0,0.92,0.2
442-BOLSA,65,2025-12,0.36,0.75,0.75,0.0,1.09,0.43
442-CH.MEIN227G,1,2025-12,294.67,318.0,2.0,316.0,251.67,710.0
442-CH.MEIN227G,4,2025-12,0.25,2.0,2.0,0.0,13.0,66.0
442-CH.MEIN227G,5,2025-12,0.02,0.66,0.66,0.0,0.71,
442-CH.MEIN227G,6,2025-12,0.01,0.04,0.04,0.0,0.12,
442-CH.MEIN227G,7,2025-12,0.01,0.06,0.06,0.0,0.92,
442-CH.MEIN227G,9,2025-12,15.76,18.2,8.2,10.0,19.75,24.5
442-CH.MEIN227G,13,2025-12,1.73,20.0,20.0,0.0,28.33,20.0
442-CH.MEIN227G,14,2025-12,1.59,14.0,14.0,0.0,23.67,13.0
442-CH.MEIN227G,63,2025-12,0.02,0.54,0.54,0.0,0.35,
442-CH.MEIN227G,64,2025-12,0.01,0.02,0.02,0.0,0.09,
442-CH.MEIN227G,65,2025-12,2.95,0.6,0.6,0.0,0.27,0.42
446-CJA12,5,2025-12,0.01,0.01,0.01,0.0,0.04,
446-CJA12,6,2025-12,0.01,0.01,0.01,0.0,1.72,
446-CJA12,7,2025-12,0.01,0.08,0.08,0.0,0.19,
446-CJA12,9,2025-12,0.01,0.12,0.0,0.12,0.71,
446-CJA12,13,2025-12,14.58,168.0,168.0,0.0,238.0,
446-CJA12,14,2025-12,8.34,252.0,252.0,0.0,183.33,195.0
446-CJA12,30,2025-12,49.91,504.0,504.0,0.0,392.0,84.0
446-CJA12,63,2025-12,0.02,0.13,0.13,0.0,0.49,
447-CJA24,1,2025-12,1058.9,1628.0,1540.0,88.0,1804.67,920.0
447-CJA24,4,2025-12,140.9,202.0,202.0,0.0,213.33,42.0
447-CJA24,5,2025-12,0.16,2.32,2.32,0.0,1.94,
447-CJA24,6,2025-12,0.01,0.21,0.21,0.0,1.15,
447-CJA24,7,2025-12,0.02,0.58,0.58,0.0,1.72,
447-CJA24,9,2025-12,110.38,245.0,245.0,0.0,427.67,332.12
447-CJA24,13,2025-12,69.0,800.0,800.0,0.0,933.33,
447-CJA24,14,2025-12,300.03,1120.0,1120.0,0.0,1013.33,1175.0
447-CJA24,20,2025-12,307.04,2080.0,2080.0,0.0,3072.33,
447-CJA24,63,2025-12,0.03,0.21,0.21,0.0,2.86,0.91
447-CJA24,64,2025-12,0.03,0.08,0.08,0.0,3.43,
447-CJA24,65,2025-12,2.17,2.78,2.78,0.0,2.2,
447-CJA24 LITE,1,2025-12,41.01,110.39,68.25,42.14,172.46,62.75
447-CJA24 LITE,4,2025-12,2.13,9.5,9.5,0.0,27.97,14.4
447-CJA24 LITE,5,2025-12,0.18,1.91,1.91,0.0,2.17,
447-CJA24 LITE,6,2025-12,0.01,0.25,0.25,0.0,0.65,
447-CJA24 LITE,7,2025-12,0.02,0.84,0.84,0.0,1.46,
447-CJA24 LITE,9,2025-12,30.69,49.62,26.0,23.62,58.54,9.25
447-CJA24 LITE,63,2025-12,0.01,0.08,0.08,0.0,1.1,0.21
447-CJA24 LITE,64,2025-12,0.42,0.54,0.54,0.0,0.74,1.16
447-CJA24 LITE,65,2025-12,0.83,0.67,0.67,0.0,0.75,0.04
448-CJA24,1,2025-12,3997.21,5296.09,3679.25,1616.84,5238.78,1711.54
448-CJA24,4,2025-12,361.63,465.75,465.75,0.0,457.83,138.0
448-CJA24,5,2025-12,0.18,3.97,3.97,0.0,6.54,
448-CJA24,6,2025-12,0.02,0.36,0.36,0.0,0.83,
448-CJA24,7,2025-12,0.29,3.66,3.66,0.0,3.12,
448-CJA24,9,2025-12,219.11,441.63,441.63,0.0,701.21,210.5
448-CJA24,10,2025-12,0.55,0.21,0.21,0.0,0.11,
448-CJA24,63,2025-12,0.37,2.21,2.21,0.0,10.55,1.68
448-CJA24,64,2025-12,0.75,1.02,1.02,0.0,1.01,0.12
448-CJA24,65,2025-12,3.63,5.74,5.74,0.0,5.41,2.49
448-CJA24 LITE,1,2025-12,93.53,132.38,10.0,122.38,142.17,33.25
448-CJA24 LITE,4,2025-12,0.53,4.25,4.25,0.0,18.92,1.25
448-CJA24 LITE,5,2025-12,0.07,0.87,0.87,0.0,2.33,
448-CJA24 LITE,6,2025-12,0.01,0.04,0.04,0.0,0.31,
448-CJA24 LITE,7,2025-12,0.04,1.42,1.42,0.0,0.86,
448-CJA24 LITE,9,2025-12,83.81,58.22,18.0,40.22,39.07,4.25
448-CJA24 LITE,24,2025-12,0.22,1.5,1.5,0.0,1.36,
448-CJA24 LITE,63,2025-12,0.39,0.62,0.62,0.0,1.05,0.46
448-CJA24 LITE,64,2025-12,0.26,0.75,0.75,0.0,1.07,1.8
448-CJA24 LITE,65,2025-12,2.79,2.21,2.21,0.0,1.65,
449-CAJA12U.,1,2025-12,94.87,366.23,366.23,0.0,835.56,464.49
449-CAJA12U.,4,2025-12,66.01,158.72,158.72,0.0,236.83,87.23
449-CAJA12U.,5,2025-12,0.06,1.32,1.32,0.0,2.56,
449-CAJA12U.,6,2025-12,0.02,1.07,1.07,0.0,1.24,
449-CAJA12U.,7,2025-12,0.01,0.08,0.08,0.0,0.85,
449-CAJA12U.,9,2025-12,31.09,72.23,72.23,0.0,115.37,47.49
449-CAJA12U.,28,2025-12,0.02,0.16,0.16,0.0,0.14,
449-CAJA12U.,63,2025-12,0.22,0.58,0.58,0.0,2.1,0.41
449-CAJA12U.,64,2025-12,0.28,0.33,0.33,0.0,0.47,
449-CAJA12U.,65,2025-12,0.4,1.0,1.0,0.0,1.5,
449-CAJA248U.,1,2025-12,140.88,406.5,406.5,0.0,757.72,447.25
449-CAJA248U.,4,2025-12,92.95,182.0,182.0,0.0,245.18,76.59
449-CAJA248U.,5,2025-12,0.02,0.62,0.62,0.0,0.59,
449-CAJA248U.,6,2025-12,0.01,0.16,0.16,0.0,0.52,
449-CAJA248U.,7,2025-12,0.07,2.53,2.53,0.0,1.26,
449-CAJA248U.,9,2025-12,71.84,156.25,155.25,1.0,247.68,79.4
449-CAJA248U.,63,2025-12,0.02,0.13,0.13,0.0,0.41,0.04
449-CAJA248U.,64,2025-12,0.24,0.17,0.17,0.0,0.26,0.17
449-CAJA248U.,65,2025-12,0.2,0.49,0.49,0.0,0.66,0.04
449-CAJA48U.,1,2025-12,43.35,157.0,157.0,0.0,378.67,214.0
449-CAJA48U.,4,2025-12,35.03,49.0,49.0,0.0,45.67,12.0
449-CAJA48U.,5,2025-12,0.03,0.54,0.54,0.0,0.27,
449-CAJA48U.,6,2025-12,0.01,0.02,0.02,0.0,0.02,
449-CAJA48U.,7,2025-12,0.01,0.04,0.04,0.0,0.24,
449-CAJA48U.,9,2025-12,21.17,48.0,48.0,0.0,85.33,33.0
449-CAJA48U.,13,2025-12,33.01,240.0,240.0,0.0,340.0,
449-CAJA48U.,14,2025-12,58.63,300.0,300.0,0.0,683.0,
449-CAJA48U.,20,2025-12,171.01,880.0,880.0,0.0,1233.33,
449-CAJA48U.,63,2025-12,0.01,0.02,0.02,0.0,0.51,0.02
449-CJA 24,1,2025-12,14.6,41.5,41.5,0.0,77.59,30.25
449-CJA 24,4,2025-12,6.65,13.5,13.5,0.0,19.0,10.1
449-CJA 24,5,2025-12,0.17,4.99,4.99,0.0,6.45,
449-CJA 24,6,2025-12,0.05,2.26,2.26,0.0,5.69,
449-CJA 24,7,2025-12,0.18,5.71,5.71,0.0,6.39,
449-CJA 24,9,2025-12,18.5,25.25,25.25,0.0,25.67,17.5
449-CJA 24,10,2025-12,0.18,2.0,2.0,0.0,5.33,
449-CJA 24,24,2025-12,0.01,0.13,0.13,0.0,0.54,
449-CJA 24,63,2025-12,0.09,0.62,0.62,0.0,3.25,0.46
449-CJA 24,64,2025-12,1.84,1.57,1.57,0.0,1.2,0.5
449-CJA 24,65,2025-12,9.57,6.27,6.27,0.0,4.63,0.59
450-CAJA48U.,1,2025-12,3.47,28.0,28.0,0.0,121.33,58.0
450-CAJA48U.,4,2025-12,0.34,11.0,11.0,0.0,9.0,3.0
450-CAJA48U.,5,2025-12,0.01,0.3,0.3,0.0,0.51,
450-CAJA48U.,6,2025-12,0.01,0.02,0.02,0.0,0.04,
450-CAJA48U.,7,2025-12,0.01,0.08,0.08,0.0,0.83,
450-CAJA48U.,9,2025-12,1.44,6.75,6.75,0.0,22.58,7.5
450-CAJA48U.,13,2025-12,2.45,40.0,40.0,0.0,51.67,
450-CAJA48U.,14,2025-12,158.31,210.0,210.0,0.0,266.0,
450-CAJA48U.,20,2025-12,49.91,270.0,270.0,0.0,326.67,
450-CAJA48U.,63,2025-12,0.01,0.02,0.02,0.0,0.86,
450-CAJA48U.,65,2025-12,0.01,0.02,0.02,0.0,0.09,
450-CJA 12,1,2025-12,38.32,117.0,117.0,0.0,206.0,230.62
450-CJA 12,4,2025-12,2.46,11.75,11.75,0.0,29.58,22.75
450-CJA 12,5,2025-12,0.11,4.99,4.99,0.0,4.24,
450-CJA 12,6,2025-12,0.09,2.49,2.49,0.0,7.85,
450-CJA 12,7,2025-12,0.15,1.74,1.74,0.0,2.91,
450-CJA 12,9,2025-12,21.83,35.0,35.0,0.0,42.08,56.45
450-CJA 12,63,2025-12,0.02,0.16,0.16,0.0,1.42,0.73
450-CJA 12,64,2025-12,3.76,1.25,1.25,0.0,0.61,0.57
450-CJA 12,65,2025-12,3.8,5.06,5.06,0.0,5.17,0.74
450-CJA24U/227G,1,2025-12,43.9,97.25,97.25,0.0,147.67,93.25
450-CJA24U/227G,4,2025-12,16.22,23.75,23.75,0.0,26.58,16.57
450-CJA24U/227G,5,2025-12,0.08,3.22,3.22,0.0,3.9,
450-CJA24U/227G,6,2025-12,0.01,0.16,0.16,0.0,0.72,
450-CJA24U/227G,7,2025-12,0.02,0.95,0.95,0.0,1.56,
450-CJA24U/227G,9,2025-12,12.62,25.75,25.75,0.0,37.17,14.13
450-CJA24U/227G,10,2025-12,0.02,0.42,0.42,0.0,0.54,
450-CJA24U/227G,25,2025-12,0.02,0.21,0.21,0.0,0.22,
450-CJA24U/227G,63,2025-12,0.14,0.63,0.63,0.0,2.03,1.04
450-CJA24U/227G,64,2025-12,0.01,0.12,0.12,0.0,0.46,0.33
450-CJA24U/227G,65,2025-12,0.38,0.54,0.54,0.0,0.61,0.66
451-CAJA48U.,1,2025-12,2.85,18.0,18.0,0.0,168.33,44.0
451-CAJA48U.,4,2025-12,37.01,17.0,8.0,9.0,11.33,2.0
451-CAJA48U.,5,2025-12,0.01,0.1,0.1,0.0,0.52,
451-CAJA48U.,6,2025-12,0.01,0.04,0.04,0.0,0.16,
451-CAJA48U.,7,2025-12,0.01,0.02,0.02,0.0,0.16,
451-CAJA48U.,9,2025-12,1.46,4.75,4.75,0.0,11.08,3.5
451-CAJA48U.,13,2025-12,33.01,85.0,85.0,0.0,43.67,
451-CAJA48U.,14,2025-12,18.35,150.0,150.0,0.0,136.0,
451-CAJA48U.,63,2025-12,0.01,0.02,0.02,0.0,0.62,0.17
451-CAJA48U.,64,2025-12,0.07,1.34,1.34,0.0,0.7,
451-CAJA48U.,65,2025-12,0.02,0.02,0.02,0.0,0.09,
451-CJA24U/227G,1,2025-12,17.23,68.25,68.25,0.0,134.33,49.0
451-CJA24U/227G,4,2025-12,23.48,30.55,17.25,13.3,29.97,14.88
451-CJA24U/227G,5,2025-12,0.02,0.99,0.99,0.0,0.84,
451-CJA24U/227G,6,2025-12,0.01,0.32,0.32,0.0,0.41,
451-CJA24U/227G,7,2025-12,0.01,0.08,0.08,0.0,0.57,
451-CJA24U/227G,9,2025-12,9.21,19.5,19.5,0.0,29.75,8.12
451-CJA24U/227G,63,2025-12,0.08,0.36,0.36,0.0,1.37,0.16
451-CJA24U/227G,64,2025-12,1.17,2.04,2.04,0.0,2.24,0.17
451-CJA24U/227G,65,2025-12,0.01,0.12,0.12,0.0,0.6,0.08
452-CAJA48U.,1,2025-12,11.16,58.0,58.0,0.0,172.67,95.0
452-CAJA48U.,4,2025-12,1.05,6.0,6.0,0.0,24.67,8.0
452-CAJA48U.,5,2025-12,0.01,0.04,0.04,0.0,0.16,
452-CAJA48U.,6,2025-12,0.02,0.08,0.08,0.0,0.05,
452-CAJA48U.,7,2025-12,0.01,0.02,0.02,0.0,1.15,
452-CAJA48U.,9,2025-12,8.38,23.0,23.0,0.0,39.58,9.5
452-CAJA48U.,13,2025-12,6.3,100.0,100.0,0.0,143.33,
452-CAJA48U.,14,2025-12,126.04,510.0,510.0,0.0,314.67,
452-CAJA48U.,20,2025-12,94.05,815.0,815.0,0.0,501.67,
452-CAJA48U.,63,2025-12,0.02,0.14,0.14,0.0,0.53,
452-CAJA48U.,64,2025-12,0.01,0.02,0.02,0.0,0.42,0.02
452-CAJA48U.,65,2025-12,0.01,0.08,0.08,0.0,0.49,
452-CJA24U/227G,1,2025-12,53.23,187.5,187.5,0.0,402.46,134.0
452-CJA24U/227G,4,2025-12,36.14,78.25,78.25,0.0,115.94,31.25
452-CJA24U/227G,5,2025-12,0.19,1.36,1.36,0.0,2.77,
452-CJA24U/227G,6,2025-12,0.03,0.04,0.04,0.0,0.48,
452-CJA24U/227G,7,2025-12,0.17,1.75,1.75,0.0,1.44,
452-CJA24U/227G,9,2025-12,40.48,82.37,81.25,1.12,125.76,38.21
452-CJA24U/227G,28,2025-12,0.02,0.79,0.76,0.03,0.6,
452-CJA24U/227G,63,2025-12,0.04,0.29,0.29,0.0,5.43,1.76
452-CJA24U/227G,64,2025-12,0.02,0.13,0.13,0.0,0.38,0.29
452-CJA24U/227G,65,2025-12,1.17,0.57,0.57,0.0,0.49,1.49
453-CAJA48U.,1,2025-12,4.54,22.0,22.0,0.0,77.0,51.0
453-CAJA48U.,4,2025-12,1.53,6.0,6.0,0.0,14.67,1.0
453-CAJA48U.,5,2025-12,0.01,0.85,0.85,0.0,1.45,
453-CAJA48U.,6,2025-12,0.01,0.1,0.1,0.0,0.24,
453-CAJA48U.,7,2025-12,0.02,0.39,0.39,0.0,0.23,
453-CAJA48U.,9,2025-12,1.47,3.5,3.5,0.0,7.67,0.5
453-CAJA48U.,13,2025-12,3.32,50.0,50.0,0.0,61.67,
453-CAJA48U.,14,2025-12,82.8,210.0,210.0,0.0,173.0,
453-CAJA48U.,20,2025-12,4.51,120.0,120.0,0.0,190.0,
453-CAJA48U.,63,2025-12,0.02,0.04,0.04,0.0,3.24,0.08
453-CAJA48U.,64,2025-12,0.01,0.04,0.04,0.0,0.25,0.02
453-CAJA48U.,65,2025-12,0.03,0.13,0.13,0.0,0.07,
453-CJA24U/227G,1,2025-12,21.2,58.75,58.75,0.0,95.79,61.5
453-CJA24U/227G,4,2025-12,19.18,28.0,28.0,0.0,33.58,6.5
453-CJA24U/227G,5,2025-12,0.02,0.4,0.4,0.0,0.44,
453-CJA24U/227G,6,2025-12,0.01,0.12,0.12,0.0,0.31,
453-CJA24U/227G,7,2025-12,0.02,0.7,0.7,0.0,0.53,
453-CJA24U/227G,9,2025-12,13.57,22.5,22.5,0.0,30.16,10.25
453-CJA24U/227G,63,2025-12,0.11,0.49,0.49,0.0,1.32,0.54
453-CJA24U/227G,64,2025-12,0.25,0.53,0.53,0.0,0.87,0.08
453-CJA24U/227G,65,2025-12,0.02,0.12,0.12,0.0,0.37,0.16
453-MAYO-GAL,1,2025-12,681.59,1357.5,1357.5,0.0,2211.43,821.3
453-MAYO-GAL,4,2025-12,147.17,291.25,291.25,0.0,389.5,147.0
453-MAYO-GAL,5,2025-12,0.19,4.75,4.75,0.0,5.33,
453-MAYO-GAL,6,2025-12,0.05,1.0,1.0,0.0,1.83,
453-MAYO-GAL,7,2025-12,0.17,3.0,3.0,0.0,7.08,
453-MAYO-GAL,9,2025-12,68.46,242.5,242.5,0.0,505.83,177.25
453-MAYO-GAL,10,2025-12,0.02,1.0,1.0,0.0,0.92,
453-MAYO-GAL,13,2025-12,0.86,20.0,20.0,0.0,20.33,
453-MAYO-GAL,14,2025-12,1.74,18.0,18.0,0.0,25.33,
453-MAYO-GAL,20,2025-12,1.57,18.0,18.0,0.0,63.0,
453-MAYO-GAL,25,2025-12,1.0,0.5,0.5,0.0,0.33,
453-MAYO-GAL,28,2025-12,0.01,0.25,0.25,0.0,0.33,
453-MAYO-GAL,63,2025-12,0.63,1.75,1.75,0.0,3.42,2.25
453-MAYO-GAL,64,2025-12,3.76,2.75,2.75,0.0,2.42,2.25
453-MAYO-GAL,65,2025-12,2.88,9.75,9.75,0.0,18.25,3.5
454-MAYO GALON,5,2025-12,0.02,0.25,0.25,0.0,0.5,
454-MAYO GALON,30,2025-12,7.8,204.0,204.0,0.0,223.67,
454-MAYO GALON,63,2025-12,0.03,0.75,0.75,0.0,1.5,
48U. MAYO100G,5,2025-12,0.02,0.06,0.06,0.0,0.2,
48U. MAYO100G,6,2025-12,0.01,0.1,0.1,0.0,0.91,
48U. MAYO100G,7,2025-12,0.07,1.0,1.0,0.0,2.25,
48U. MAYO100G,9,2025-12,0.14,1.0,0.0,1.0,4.79,
48U. MAYO100G,13,2025-12,46.41,345.0,345.0,0.0,374.67,
48U. MAYO100G,14,2025-12,87.78,552.0,552.0,0.0,765.33,
48U. MAYO100G,30,2025-12,54.42,966.0,966.0,0.0,927.0,
48U. MAYO100G,63,2025-12,3.54,10.05,10.05,0.0,4.94,
48U.-LIMON100G,5,2025-12,0.01,0.02,0.02,0.0,0.14,
48U.-LIMON100G,6,2025-12,0.02,0.81,0.81,0.0,1.89,
48U.-LIMON100G,7,2025-12,0.04,0.13,0.13,0.0,0.1,
48U.-LIMON100G,13,2025-12,8.25,184.0,184.0,0.0,163.0,
48U.-LIMON100G,14,2025-12,0.84,15.0,15.0,0.0,13.0,
48U.-LIMON100G,30,2025-12,2.87,35.0,35.0,0.0,28.33,
600-GL,1,2025-12,107.21,389.52,366.5,23.02,875.67,981.99
600-GL,4,2025-12,21.99,54.0,54.0,0.0,93.5,16.25
600-GL,5,2025-12,0.07,4.0,4.0,0.0,3.42,
600-GL,6,2025-12,0.01,0.25,0.25,0.0,0.83,
600-GL,7,2025-12,0.02,1.25,1.25,0.0,1.33,
600-GL,9,2025-12,81.89,102.0,102.0,0.0,122.92,22.25
600-GL,13,2025-12,2.25,36.0,36.0,0.0,57.0,
600-GL,14,2025-12,28.11,127.0,127.0,0.0,63.0,
600-GL,28,2025-12,0.01,0.01,0.0,0.01,0.92,
600-GL,63,2025-12,0.05,0.25,0.25,0.0,6.17,0.5
600-GL,65,2025-12,0.02,0.5,0.5,0.0,0.33,
601-GL,1,2025-12,0.06,1.25,1.25,0.0,1.5,1.0
601-GL,4,2025-12,0.12,3.02,1.0,2.02,3.34,
601-GL,7,2025-12,0.01,0.25,0.25,0.0,0.58,
601-GL,9,2025-12,0.06,1.51,1.5,0.01,1.34,1.51
72U.-MAYOLIMON,5,2025-12,0.01,0.07,0.07,0.0,0.13,
72U.-MAYOLIMON,6,2025-12,0.03,0.43,0.43,0.0,2.74,
72U.-MAYOLIMON,7,2025-12,0.02,0.13,0.13,0.0,0.1,
72U.-MAYOLIMON,13,2025-12,6.26,84.0,84.0,0.0,85.0,
72U.-MAYOLIMON,14,2025-12,0.14,2.0,2.0,0.0,5.0,
72U.-MAYOLIMON,30,2025-12,0.66,15.0,15.0,0.0,13.67,
ABEST-GALON,5,2025-12,0.02,0.25,0.25,0.0,0.58,
ABEST-GALON,6,2025-12,0.02,0.25,0.25,0.0,0.25,
ABEST-GALON,13,2025-12,9.91,119.0,119.0,0.0,62.33,
ABEST-GALON,14,2025-12,11.82,108.0,108.0,0.0,60.67,48.0
ABEST-GALON,30,2025-12,6.84,128.0,128.0,0.0,156.0,
ABEST-GALON,63,2025-12,0.29,3.75,3.75,0.0,3.17,
ABEST12-32OZ.,30,2025-12,6.15,50.0,50.0,0.0,100.0,
AJUSTNC,1,2025-12,0.05,2.0,2.0,0.0,1.67,
ARROC-DOC,1,2025-12,785.3,1559.0,1559.0,0.0,2242.42,966.0
ARROC-DOC,4,2025-12,222.98,395.0,395.0,0.0,505.0,258.0
ARROC-DOC,5,2025-12,0.21,5.56,5.56,0.0,7.12,
ARROC-DOC,6,2025-12,0.01,0.25,0.25,0.0,0.96,
ARROC-DOC,7,2025-12,0.06,0.4,0.4,0.0,1.71,
ARROC-DOC,9,2025-12,194.32,427.0,427.0,0.0,673.33,241.0
ARROC-DOC,10,2025-12,0.01,0.08,0.08,0.0,0.89,
ARROC-DOC,63,2025-12,0.83,3.7,3.7,0.0,9.62,1.88
ARROC-DOC,64,2025-12,0.41,0.96,0.96,0.0,1.63,0.65
ARROC-DOC,65,2025-12,1.09,1.96,1.96,0.0,3.05,0.99
C-SAZON/ACHIOTE,5,2025-12,0.03,0.45,0.45,0.0,1.83,
C-SAZON/ACHIOTE,13,2025-12,0.07,2.0,2.0,0.0,2.67,
C-SAZON/ACHIOTE,14,2025-12,2.27,33.0,33.0,0.0,32.0,
C-SAZON/ACHIOTE,30,2025-12,2.26,25.0,25.0,0.0,39.0,
CARTON-ARROCERO,5,2025-12,0.02,0.05,0.05,0.0,1.67,
CARTON-ARROCERO,13,2025-12,0.27,7.0,7.0,0.0,11.33,
CARTON-ARROCERO,14,2025-12,3.56,54.0,54.0,0.0,51.33,
CARTON-ARROCERO,30,2025-12,45.88,544.0,544.0,0.0,363.33,
CHOWMEIN,5,2025-12,9.32,1.0,1.0,0.0,1.08,
CHOWMEIN,30,2025-12,65.71,100.0,100.0,0.0,183.33,
CHOWMEIN,63,2025-12,0.12,1.23,1.23,0.0,11.3,
CHOWMEIN,65,2025-12,0.06,0.23,0.23,0.0,1.31,
CJA24-MAYO LIMO,1,2025-12,253.15,422.48,145.75,276.73,473.69,415.48
CJA24-MAYO LIMO,4,2025-12,93.17,240.59,151.25,89.34,351.01,368.05
CJA24-MAYO LIMO,5,2025-12,0.01,0.12,0.12,0.0,0.45,
CJA24-MAYO LIMO,6,2025-12,0.01,0.12,0.12,0.0,0.89,
CJA24-MAYO LIMO,7,2025-12,0.02,0.34,0.34,0.0,0.29,
CJA24-MAYO LIMO,9,2025-12,42.0,73.88,41.0,32.88,94.31,29.91
CJA24-MAYO LIMO,28,2025-12,0.02,0.25,0.25,0.0,0.25,
CJA24-MAYO LIMO,63,2025-12,0.07,0.44,0.44,0.0,2.05,0.12
CJA24-MAYO LIMO,64,2025-12,0.18,0.32,0.32,0.0,0.38,0.04
CJA24-MAYO LIMO,65,2025-12,0.15,0.41,0.41,0.0,0.64,0.25
CLIC,5,2025-12,0.01,0.08,0.08,0.0,0.25,
DESC-NOAPLIC,1,2025-12,0.69,4.0,4.0,0.0,17.0,6.0
ENVASE SOUFLE,20,2025-12,0.76,16.0,16.0,0.0,16.0,
FCO-ALBAHACA-1,1,2025-12,160.73,84.0,39.0,45.0,65.0,26.0
FCO-ALBAHACA-1,4,2025-12,0.4,1.0,1.0,0.0,3.67,
FCO-ALBAHACA-1,5,2025-12,0.06,0.33,0.33,0.0,0.16,
FCO-ALBAHACA-1,7,2025-12,0.06,0.75,0.75,0.0,0.45,
FCO-ALBAHACA-1,9,2025-12,0.48,1.0,1.0,0.0,3.33,
FCO-ALBAHACA-1,63,2025-12,0.02,0.24,0.24,0.0,0.16,
FCO200G-CJA24U.,1,2025-12,24.13,33.25,33.25,0.0,35.33,34.75
FCO200G-CJA24U.,4,2025-12,6.5,24.79,24.79,0.0,49.33,20.22
FCO200G-CJA24U.,5,2025-12,0.01,0.29,0.29,0.0,1.11,
FCO200G-CJA24U.,6,2025-12,0.01,0.04,0.04,0.0,0.31,
FCO200G-CJA24U.,7,2025-12,0.08,0.46,0.46,0.0,1.43,
FCO200G-CJA24U.,9,2025-12,66.51,72.25,34.75,37.5,67.24,34.67
FCO200G-CJA24U.,24,2025-12,0.02,0.13,0.13,0.0,0.35,
FCO200G-CJA24U.,63,2025-12,0.03,0.21,0.21,0.0,3.33,0.25
FCO200G-CJA24U.,64,2025-12,5.45,1.95,1.95,0.0,1.04,1.72
FCO200G-CJA24U.,65,2025-12,5.8,5.98,5.98,0.0,5.15,1.08
HSABROSITA,5,2025-12,0.01,0.04,0.04,0.0,0.23,
HSABROSITA,30,2025-12,79.79,120.0,120.0,0.0,160.0,
HSABROSITA,63,2025-12,0.02,0.1,0.1,0.0,0.08,
ISABROSITA,5,2025-12,0.01,0.02,0.02,0.0,0.03,
ISABROSITA,30,2025-12,1909.46,520.0,520.0,0.0,233.33,
ISABROSITA,63,2025-12,0.01,0.04,0.04,0.0,0.12,
ITAL48U.,30,2025-12,16.08,120.0,120.0,0.0,280.0,
JAPAN FOOD4,20,2025-12,1.11,10.0,10.0,0.0,10.0,
JAPAN FOOD5,20,2025-12,36.07,30.0,30.0,0.0,23.33,0.5
JAPANVINAGRE,20,2025-12,4.57,10.75,10.75,0.0,18.58,
KETCHUP 24UN.,5,2025-12,0.01,0.12,0.12,0.0,0.25,
KETCHUP 24UN.,30,2025-12,179.92,180.0,180.0,0.0,185.33,
KETCHUP 24UN.,63,2025-12,0.07,0.41,0.41,0.0,0.34,
LB-CRUSH PEPPER,1,2025-12,0.25,1.0,1.0,0.0,2.33,2.0
LB-CRUSH PEPPER,4,2025-12,0.05,2.0,2.0,0.0,2.0,3.0
LB.-PGRANOBCA,1,2025-12,3.0,3.0,0.0,3.0,2.33,
MAYO SABROSITA,5,2025-12,0.12,0.13,0.13,0.0,3.07,
MAYONESA CJA-12,5,2025-12,0.04,0.25,0.25,0.0,0.5,
MAYONESA CJA-12,7,2025-12,0.02,0.08,0.08,0.0,0.39,
MAYONESA CJA-12,30,2025-12,8.93,200.0,200.0,0.0,166.67,
MAYONESA CJA-12,63,2025-12,1.99,4.08,4.08,0.0,5.21,
MAYOREY500G,30,2025-12,109.5,448.0,448.0,0.0,298.67,
N/C FIS,1,2025-12,2.41,11.0,11.0,0.0,34.67,5.0
N/C FIS,4,2025-12,0.62,2.0,2.0,0.0,4.0,
N/C FIS,9,2025-12,2.69,8.0,8.0,0.0,13.67,2.0
NC/001,1,2025-12,0.04,1.0,1.0,0.0,1.0,
PALITOS,20,2025-12,0.81,20.0,20.0,0.0,20.0,
PARRI-DOC,1,2025-12,413.52,544.0,544.0,0.0,600.67,303.0
PARRI-DOC,4,2025-12,23.44,74.0,74.0,0.0,139.33,52.0
PARRI-DOC,5,2025-12,0.04,0.66,0.66,0.0,3.28,
PARRI-DOC,6,2025-12,0.03,0.25,0.25,0.0,1.84,
PARRI-DOC,7,2025-12,0.01,0.41,0.41,0.0,1.07,
PARRI-DOC,9,2025-12,16.23,51.0,51.0,0.0,106.0,36.0
PARRI-DOC,63,2025-12,0.58,1.66,1.66,0.0,3.05,0.67
PARRI-DOC,64,2025-12,6.65,3.93,3.93,0.0,2.39,
PARRI-DOC,65,2025-12,2.62,1.75,1.75,0.0,1.05,0.08
PARRI-FCO,1,2025-12,182.17,118.0,24.0,94.0,82.0,10.0
PARRI-FCO,4,2025-12,8.06,11.0,11.0,0.0,10.67,4.0
PARRI-FCO,5,2025-12,0.03,0.17,0.17,0.0,0.11,
PARRI-FCO,6,2025-12,0.2,1.0,1.0,0.0,0.5,
PARRI-FCO,7,2025-12,0.07,0.41,0.41,0.0,0.41,
PARRI-FCO,9,2025-12,0.58,4.0,4.0,0.0,13.33,1.0
PARRI-FCO,63,2025-12,0.04,2.0,2.0,0.0,1.25,
PARRI-FCO,64,2025-12,0.01,0.08,0.08,0.0,0.36,
PARRI-FCO,65,2025-12,4.89,0.92,0.92,0.0,0.53,
PASABROSITA,5,2025-12,0.01,0.04,0.04,0.0,0.06,
PASABROSITA,20,2025-12,6.37,81.0,81.0,0.0,160.33,
PASABROSITA,30,2025-12,179.66,180.0,180.0,0.0,180.0,
PRIKETCHUP,30,2025-12,25.11,48.0,48.0,0.0,80.0,
PRIMOR 8 U.,30,2025-12,32.04,200.0,200.0,0.0,366.67,
PSABROSITA,5,2025-12,0.01,0.02,0.02,0.0,0.12,
PSABROSITA,30,2025-12,180.12,180.0,180.0,0.0,140.0,
PSABROSITA,63,2025-12,0.02,0.02,0.02,0.0,0.03,
RIVER GALON,1,2025-12,137.88,209.25,209.25,0.0,253.12,110.75
RIVER GALON,4,2025-12,9.5,20.75,20.75,0.0,27.09,3.75
RIVER GALON,5,2025-12,0.02,0.5,0.5,0.0,0.67,
RIVER GALON,6,2025-12,0.01,0.25,0.25,0.0,0.5,
RIVER GALON,7,2025-12,0.05,1.5,1.5,0.0,1.08,
RIVER GALON,9,2025-12,22.32,60.8,42.75,18.05,102.77,19.0
RIVER GALON,63,2025-12,0.15,1.25,1.25,0.0,2.33,
RIVER GALON,65,2025-12,0.17,0.75,0.75,0.0,2.0,
RSABROSITA,5,2025-12,0.02,1.02,1.02,0.0,0.53,
RSABROSITA,30,2025-12,120.02,120.0,120.0,0.0,160.0,
RSABROSITA,63,2025-12,0.01,0.02,0.02,0.0,0.48,
SABROSITA MAYO,5,2025-12,0.09,1.57,1.57,0.0,0.68,
SABROSITA MAYO,30,2025-12,17.96,350.0,350.0,0.0,200.0,
SABROSITA MAYO,63,2025-12,0.06,0.42,0.42,0.0,9.47,
SANCO-ARROZ,5,2025-12,0.01,0.02,0.02,0.0,0.17,
SAZONCOM-DOC,1,2025-12,3098.47,4140.0,4140.0,0.0,5290.67,2728.0
SAZONCOM-DOC,4,2025-12,581.63,997.0,997.0,0.0,1309.0,453.0
SAZONCOM-DOC,5,2025-12,0.18,3.54,3.54,0.0,4.64,
SAZONCOM-DOC,6,2025-12,0.04,1.74,1.74,0.0,1.76,
SAZONCOM-DOC,7,2025-12,0.02,0.33,0.33,0.0,2.04,
SAZONCOM-DOC,9,2025-12,333.35,720.0,720.0,0.0,1325.33,448.0
SAZONCOM-DOC,10,2025-12,0.05,0.67,0.67,0.0,1.06,
SAZONCOM-DOC,63,2025-12,0.24,1.22,1.22,0.0,5.66,2.8
SAZONCOM-DOC,64,2025-12,0.22,0.73,0.73,0.0,1.78,0.08
SAZONCOM-DOC,65,2025-12,0.65,1.06,1.06,0.0,1.89,0.58
SAZONCOM-FCO,1,2025-12,135.44,203.0,203.0,0.0,227.36,85.0
SAZONCOM-FCO,4,2025-12,35.6,63.0,63.0,0.0,72.67,18.0
SAZONCOM-FCO,5,2025-12,0.01,0.16,0.16,0.0,1.21,
SAZONCOM-FCO,6,2025-12,0.02,0.08,0.08,0.0,0.33,
SAZONCOM-FCO,7,2025-12,0.01,0.17,0.17,0.0,0.28,
SAZONCOM-FCO,9,2025-12,16.81,41.0,41.0,0.0,71.67,18.0
SAZONCOM-FCO,12,2025-12,3.33,30.0,30.0,0.0,31.67,
SAZONCOM-FCO,63,2025-12,0.05,0.82,0.82,0.0,0.69,0.83
SAZONCOM-FCO,64,2025-12,1.08,0.74,0.74,0.0,0.49,
SAZONCOM-FCO,65,2025-12,0.68,1.41,1.41,0.0,1.8,0.17
SOPAGACRI-FIDEO,1,2025-12,9.76,60.75,60.75,0.0,208.08,36.25
SOPAGACRI-FIDEO,4,2025-12,8.23,24.75,24.75,0.0,48.0,6.25
SOPAGACRI-FIDEO,5,2025-12,0.01,0.04,0.04,0.0,0.3,
SOPAGACRI-FIDEO,6,2025-12,0.44,0.97,0.97,0.0,0.35,
SOPAGACRI-FIDEO,7,2025-12,0.01,0.1,0.1,0.0,0.52,
SOPAGACRI-FIDEO,9,2025-12,7.05,21.75,21.75,0.0,44.35,14.75
SOPAGACRI-FIDEO,24,2025-12,0.01,0.02,0.02,0.0,0.26,
SOPAGACRI-FIDEO,63,2025-12,0.01,0.08,0.08,0.0,0.79,0.06
SOPAGACRI-FIDEO,64,2025-12,0.16,0.37,0.37,0.0,0.41,
SOPAGACRI-FIDEO,65,2025-12,2.22,0.52,0.52,0.0,0.3,0.32
SOPAPOLLO-FIDEO,1,2025-12,63.35,131.94,80.5,51.44,188.9,51.0
SOPAPOLLO-FIDEO,4,2025-12,7.71,25.75,25.75,0.0,56.88,4.0
SOPAPOLLO-FIDEO,5,2025-12,0.01,0.15,0.15,0.0,0.81,
SOPAPOLLO-FIDEO,6,2025-12,0.01,0.02,0.02,0.0,0.12,
SOPAPOLLO-FIDEO,7,2025-12,0.01,0.26,0.26,0.0,0.83,
SOPAPOLLO-FIDEO,9,2025-12,12.25,35.75,35.75,0.0,70.34,11.25
SOPAPOLLO-FIDEO,24,2025-12,0.06,0.42,0.42,0.0,0.3,
SOPAPOLLO-FIDEO,63,2025-12,0.12,0.29,0.29,0.0,0.46,0.14
SOPAPOLLO-FIDEO,64,2025-12,0.29,0.29,0.29,0.0,0.28,
SOPAPOLLO-FIDEO,65,2025-12,0.21,0.23,0.23,0.0,0.36,0.33
SS-CAJA24U-3256,30,2025-12,3.41,50.0,50.0,0.0,50.0,50.0
SS-CJA24BOL200G,1,2025-12,166.87,226.05,20.75,205.3,241.54,86.75
SS-CJA24BOL200G,4,2025-12,7.21,21.0,21.0,0.0,40.0,7.75
SS-CJA24BOL200G,5,2025-12,0.04,1.03,1.03,0.0,3.16,
SS-CJA24BOL200G,6,2025-12,0.02,0.38,0.38,0.0,0.46,
SS-CJA24BOL200G,7,2025-12,0.13,1.96,1.96,0.0,1.54,
SS-CJA24BOL200G,9,2025-12,16.64,36.3,32.58,3.72,55.85,8.0
SS-CJA24BOL200G,12,2025-12,30.13,288.0,288.0,0.0,256.0,
SS-CJA24BOL200G,24,2025-12,0.02,0.38,0.38,0.0,0.52,
SS-CJA24BOL200G,63,2025-12,0.25,0.75,0.75,0.0,1.5,0.17
SS-CJA24BOL200G,64,2025-12,0.87,0.91,0.91,0.0,0.82,0.08
SS-CJA24BOL200G,65,2025-12,0.44,1.09,1.09,0.0,1.46,
SS-CJA24FCO200G,1,2025-12,27.41,45.8,17.5,28.3,59.1,52.25
SS-CJA24FCO200G,4,2025-12,9.81,20.9,12.0,8.9,24.45,1.75
SS-CJA24FCO200G,5,2025-12,0.01,0.04,0.04,0.0,0.23,
SS-CJA24FCO200G,6,2025-12,0.01,0.04,0.04,0.0,0.23,
SS-CJA24FCO200G,7,2025-12,0.01,0.17,0.17,0.0,0.39,
SS-CJA24FCO200G,9,2025-12,15.19,19.25,5.75,13.5,22.17,3.25
SS-CJA24FCO200G,24,2025-12,0.02,0.26,0.26,0.0,0.24,
SS-CJA24FCO200G,63,2025-12,0.04,0.75,0.75,0.0,0.57,0.08
SS-CJA24FCO200G,64,2025-12,0.01,0.04,0.04,0.0,0.48,0.38
SS-CJA24FCO200G,65,2025-12,0.3,0.63,0.63,0.0,0.97,0.17
SS-CJA24U.16OZ,1,2025-12,0.95,8.25,2.25,6.0,5.83,9.75
SS-CJA24U.16OZ,4,2025-12,0.2,1.66,0.0,1.66,10.54,3.0
SS-CJA24U.16OZ,5,2025-12,0.07,2.01,2.01,0.0,1.92,
SS-CJA24U.16OZ,6,2025-12,0.01,0.04,0.04,0.0,0.23,
SS-CJA24U.16OZ,7,2025-12,0.02,0.41,0.41,0.0,0.7,
SS-CJA24U.16OZ,9,2025-12,0.1,1.0,0.0,1.0,1.75,1.0
SS-CJA24U.16OZ,24,2025-12,0.01,0.58,0.58,0.0,0.69,
SS-CJA24U.16OZ,63,2025-12,0.39,5.95,5.95,0.0,3.4,2.25
SS-CJA24U.16OZ,64,2025-12,2.06,0.29,0.29,0.0,0.32,0.41
SS-CJA24U.16OZ,65,2025-12,0.71,0.88,0.88,0.0,1.24,1.38
TRIO 10.5,1,2025-12,105.11,338.0,338.0,0.0,706.83,365.5
TRIO 10.5,4,2025-12,93.35,188.0,188.0,0.0,253.42,109.16
TRIO 10.5,5,2025-12,0.08,4.17,4.17,0.0,3.08,
TRIO 10.5,6,2025-12,0.01,0.26,0.26,0.0,0.98,
TRIO 10.5,7,2025-12,0.02,0.89,0.89,0.0,1.52,
TRIO 10.5,9,2025-12,36.79,77.5,77.5,0.0,117.33,48.75
TRIO 10.5,24,2025-12,0.02,0.25,0.25,0.0,0.17,0.25
TRIO 10.5,63,2025-12,0.3,1.42,1.42,0.0,4.73,0.38
TRIO 10.5,64,2025-12,0.21,0.64,0.64,0.0,1.11,0.13
TRIO 10.5,65,2025-12,2.46,1.38,1.38,0.0,1.26,0.13
TRIOS 4U. 24OZ.,1,2025-12,115.68,423.75,423.75,0.0,936.17,673.0
TRIOS 4U. 24OZ.,4,2025-12,115.63,196.5,196.5,0.0,260.67,95.5
TRIOS 4U. 24OZ.,5,2025-12,0.85,16.0,16.0,0.0,8.92,
TRIOS 4U. 24OZ.,6,2025-12,0.01,0.25,0.25,0.0,1.17,
TRIOS 4U. 24OZ.,7,2025-12,0.2,1.75,1.75,0.0,0.83,
TRIOS 4U. 24OZ.,9,2025-12,26.34,47.5,47.5,0.0,67.0,25.0
TRIOS 4U. 24OZ.,24,2025-12,0.02,0.25,0.25,0.0,0.33,
TRIOS 4U. 24OZ.,28,2025-12,0.02,1.75,1.75,0.0,1.08,
TRIOS 4U. 24OZ.,63,2025-12,0.1,1.25,1.25,0.0,11.08,2.5
TRIOS 4U. 24OZ.,64,2025-12,0.18,1.0,1.0,0.0,3.17,0.5
TRIOS 4U. 24OZ.,65,2025-12,0.04,0.25,0.25,0.0,0.75,
